trial,selected_by,error,use_standard_sl_tp,stop_loss_parameter_binance,take_profit_parameter_binance,activation_threshold,trailing_distance,adjustment_step,third_level_trailing_distance,enable_breakeven,enable_trailing_take_profit,filtering_active,beobachten_active,seite,min_price_change_pct_min,min_price_change_pct_max,price_change_lookback_minutes,symbol_observation_hours,close_position,allow_short,allow_long,filter_previous_day,previous_day_direction,require_timeframe_alignment,ema_fast_parameter,ema_slow_parameter,ema_baseline_parameter,back_trend_periode,min_trend_strength_parameter,min_trend_duration_parameter,rsi_period,rsi_buy,rsi_sell,rsi_exit_overbought,rsi_exit_oversold,volume_sma,volume_multiplier,volume_entry_multiplier,min_volume,use_momentum_check,momentum_lookback,momentum,use_bb,bb_period,bb_deviation,use_macd,macd_fast_period,macd_slow_period,macd_signal_period,use_adx,adx_period,adx_threshold,use_vwap,use_advanced_vwap,advanced_vwap_std_threshold,use_obv,obv_period,use_chaikin_money_flow,cmf_period,cmf_threshold,interval_int_2,interval_int_3,symbol,total_trades,win_rate,total_profit,max_drawdown,profit_factor,avg_profit,total_commission,avg_slippage,total_slippage,stop_loss_hits,take_profit_hits,signal_exits,trailing_stop_hits,observation_timeout_exits,backtest_end_exits,stop_loss_percent,take_profit_percent,signal_exits_percent,trailing_stop_percent,observation_timeout_percent,backtest_end_percent,advanced_vwap_periods,take_profit_levels,take_profit_size_percentages
1,Random (Initial Phase),,False,0.99,1.0,0.65,3.62,1.45,3.29,False,True,False,False,both,3.27,23.48,410,9,False,True,True,False,bullish,False,20,70,111,3,1.72,3,28,67,28,79,6,42,1.81,1.72,0.7973,True,10,0.3242,False,11,1.73,False,20,58,13,True,23,18.8,True,False,0.89,False,11,True,31,-0.2,5m,5m,,87.0,0.6666666666666666,47.98602321234642,30.591239672812044,1.62728527070495,0.5515634851993841,13.049550347232982,0.4999999999999924,0.0,45.0,37.0,0.0,32.0,0.0,0.0,39.47368421052632,32.45614035087719,0.0,28.07017543859649,0.0,0.0,"[34, 119, 186]","[1.1, 2.2, 4.6]","[33.33, 33.33, 33.33]"
1,Random (Initial Phase),,False,0.99,1.0,0.65,3.62,1.45,3.29,False,True,False,False,both,3.27,23.48,410,9,False,True,True,False,bullish,False,20,70,111,3,1.72,3,28,67,28,79,6,42,1.81,1.72,0.7973,True,10,0.3242,False,11,1.73,False,20,58,13,True,23,18.8,True,False,0.89,False,11,True,31,-0.2,5m,5m,,234.0,0.6452991452991453,-183.58814078793208,734.3525631517284,0.553591291991712,-0.7845647042219319,25.870256029282043,0.6730769230769218,0.0,52.0,148.0,32.0,27.0,0.0,0.0,20.07722007722008,57.14285714285714,12.355212355212355,10.424710424710424,0.0,0.0,"[34, 119, 186]","[1.1, 2.2, 4.6]","[33.33, 33.33, 33.33]"
2,Random (Initial Phase),No trades or total_symbol_performance.csv not generated,True,0.0561,0.0681,0.0,1.0,0.1,1.0,False,False,False,False,short,1.43,26.1,711,10,True,True,True,False,bearish,False,20,79,125,5,4.41,8,17,84,17,86,5,48,2.11,1.26,0.3232,False,36,0.6438,True,29,1.78,True,20,28,11,False,35,32.2,True,False,0.89,True,12,True,22,-0.01,5m,5m,,,,,,,,,,,,,,,,,,,,,,,"[10, 102, 278]",[6.8],[100.0]
3,Random (Initial Phase),No trades or total_symbol_performance.csv not generated,True,0.0421,0.0491,0.0,1.0,0.1,1.0,False,False,False,False,long,0.73,9.72,351,1,True,True,True,False,bullish,False,19,77,74,18,1.98,9,20,68,34,78,11,21,2.32,1.57,0.5451,False,36,0.6438,True,13,2.14,True,17,59,18,True,13,25.8,True,False,0.89,True,8,False,1,0.0,5m,5m,,,,,,,,,,,,,,,,,,,,,,,"[23, 141, 234]",[4.9],[100.0]
4,Random (Initial Phase),No trades or total_symbol_performance.csv not generated,True,0.0427,0.0517,0.0,1.0,0.1,1.0,False,False,False,False,short,0.52,23.35,696,3,True,True,True,False,bearish,False,4,93,155,9,4.89,6,25,76,29,83,7,11,4.45,2.83,0.6692,True,33,0.1405,False,11,1.73,True,11,56,11,True,19,30.2,True,True,0.91,False,11,False,1,0.0,5m,5m,,,,,,,,,,,,,,,,,,,,,,,"[13, 91, 231]",[5.2],[100.0]
5,Random (Initial Phase),No trades or total_symbol_performance.csv not generated,False,0.99,1.0,0.99,3.72,0.67,1.0,False,False,False,False,long,2.14,26.92,475,6,False,True,True,False,bearish,False,27,37,131,15,4.34,1,9,85,16,94,1,50,4.15,2.77,0.0662,True,14,0.6161,True,40,3.88,True,23,57,20,False,35,32.2,False,True,2.1,True,17,True,10,0.25,5m,5m,,,,,,,,,,,,,,,,,,,,,,,"[29, 101, 219]","[2.7, 4.2]","[50.0, 50.0]"
6,Random (Initial Phase),,False,0.99,1.0,0.11,5.65,0.53,1.69,True,True,False,False,both,1.81,37.58,608,3,True,True,True,False,bearish,False,25,93,245,15,4.01,10,30,66,34,89,3,21,4.22,1.32,0.6772,False,36,0.6438,False,11,1.73,False,20,58,13,True,34,22.0,True,False,0.89,True,11,False,1,0.0,5m,5m,,5.0,0.8,-5.051304436752488,30.61987932710972,0.349045622258687,-1.0102608873504977,0.4455971554647063,0.4499999999999989,0.0,1.0,4.0,0.0,1.0,0.0,0.0,16.666666666666664,66.66666666666666,0.0,16.666666666666664,0.0,0.0,"[45, 70, 158]","[0.5, 2.1, 4.9]","[33.33, 33.33, 33.33]"
7,Random (Initial Phase),No trades or total_symbol_performance.csv not generated,True,0.0615,0.0698,0.0,1.0,0.1,1.0,False,False,False,False,both,1.2,41.35,691,1,True,True,True,False,bullish,False,9,85,181,4,1.73,9,15,62,16,98,15,45,4.33,1.2,0.5982,True,3,0.3391,True,17,2.4,True,20,33,19,False,35,32.2,False,True,1.32,False,11,False,1,0.0,5m,5m,,,,,,,,,,,,,,,,,,,,,,,"[40, 114, 183]",[7.0],[100.0]
8,Random (Initial Phase),No trades or total_symbol_performance.csv not generated,True,0.0286,0.0323,0.0,1.0,0.1,1.0,False,False,False,False,short,2.18,49.45,522,5,True,True,True,False,bullish,False,26,34,91,20,1.55,4,29,65,16,86,11,31,1.16,2.22,0.8443,True,34,0.2421,False,11,1.73,True,22,42,10,False,35,32.2,False,True,0.53,True,14,True,35,0.16,5m,5m,,,,,,,,,,,,,,,,,,,,,,,"[26, 68, 164]",[3.2],[100.0]
9,Random (Initial Phase),No trades or total_symbol_performance.csv not generated,True,0.0174,0.0518,0.0,1.0,0.1,1.0,False,False,False,False,both,1.94,40.51,367,3,False,True,True,False,bullish,False,24,59,214,5,1.96,1,8,64,45,92,29,32,4.83,2.9,0.0671,True,3,0.4783,True,14,3.27,False,20,58,13,False,35,32.2,True,True,1.21,True,17,True,22,0.26,5m,5m,,,,,,,,,,,,,,,,,,,,,,,"[36, 80, 292]",[5.2],[100.0]
10,Random (Initial Phase),,False,0.99,1.0,0.51,2.37,0.44,1.0,False,False,False,False,long,2.62,9.83,97,11,True,True,True,False,bullish,False,9,57,95,10,2.76,8,12,83,38,88,5,45,2.52,2.04,0.4149,True,15,0.1506,False,11,1.73,True,16,29,8,True,29,33.8,False,False,0.89,True,14,True,15,0.24,5m,5m,,34.0,0.1764705882352941,-92.62212814449713,438.4471602816082,0.342836794837522,-2.724180239544033,7.63380275185664,0.7499999999999749,0.0,22.0,4.0,8.0,7.0,0.0,0.0,53.65853658536586,9.75609756097561,19.51219512195122,17.073170731707318,0.0,0.0,"[14, 123, 275]",[2.8],[100.0]
11,Random (Initial Phase),No trades or total_symbol_performance.csv not generated,True,0.0258,0.0434,0.0,1.0,0.1,1.0,False,False,False,False,long,1.56,44.12,492,1,False,True,True,False,bearish,False,27,92,120,14,2.62,7,29,67,33,80,9,57,2.79,2.8,0.1009,False,36,0.6438,True,45,3.14,False,20,58,13,False,35,32.2,False,True,0.89,False,11,True,27,0.14,5m,5m,,,,,,,,,,,,,,,,,,,,,,,"[29, 108, 186]",[4.3],[100.0]
12,Random (Initial Phase),,False,0.99,1.0,0.52,1.96,0.78,1.0,False,False,False,False,short,4.99,14.09,500,1,False,True,True,False,bearish,False,28,133,58,4,2.85,6,25,83,38,84,27,18,3.2,1.01,0.7112,True,2,0.4101,False,11,1.73,True,22,43,11,False,35,32.2,True,False,0.89,True,25,False,1,0.0,5m,5m,,14.0,0.5,-13.4554509005484,58.704542801362926,0.5318585680078485,-0.9611036357534573,2.256297031740963,0.749999999999991,0.0,9.0,5.0,0.0,4.0,0.0,0.0,50.0,27.77777777777778,0.0,22.22222222222222,0.0,0.0,"[19, 134, 265]","[1.0, 4.9]","[50.0, 50.0]"
13,Random (Initial Phase),No trades or total_symbol_performance.csv not generated,True,0.0387,0.023,0.0,1.0,0.1,1.0,False,False,False,False,long,3.99,25.73,289,9,False,True,True,False,bullish,False,16,37,60,14,1.87,8,16,78,28,87,15,42,5.0,1.35,0.4666,True,11,0.6502,True,33,2.48,False,20,58,13,False,35,32.2,True,True,1.94,True,5,True,32,-0.15,5m,5m,,,,,,,,,,,,,,,,,,,,,,,"[11, 133, 175]",[2.3],[100.0]
14,Random (Initial Phase),No trades or total_symbol_performance.csv not generated,False,0.99,1.0,0.23,0.63,0.8,1.0,False,False,False,False,short,4.64,5.42,324,8,False,True,True,False,bullish,False,17,73,161,7,2.92,2,21,55,29,79,21,22,4.63,1.46,0.1768,True,23,0.6151,True,12,2.16,False,20,58,13,True,38,36.2,True,True,1.8,False,11,True,20,-0.21,5m,5m,,,,,,,,,,,,,,,,,,,,,,,"[36, 67, 296]","[4.1, 4.9]","[50.0, 50.0]"
15,Random (Initial Phase),No trades or total_symbol_performance.csv not generated,True,0.0575,0.0483,0.0,1.0,0.1,1.0,False,False,False,False,short,0.83,26.67,105,2,False,True,True,False,bullish,False,19,75,129,16,3.11,10,26,65,37,79,23,60,2.75,2.57,0.7648,True,17,0.6808,False,11,1.73,False,20,58,13,True,13,27.3,True,True,1.47,True,18,True,8,-0.03,5m,5m,,,,,,,,,,,,,,,,,,,,,,,"[43, 93, 175]",[4.8],[100.0]
16,Random (Waiting for Data: 5/10),No trades or total_symbol_performance.csv not generated,True,0.0437,0.0183,0.0,1.0,0.1,1.0,False,False,False,False,short,3.94,25.92,534,5,True,True,True,False,bearish,False,5,81,81,18,4.29,2,26,60,26,98,18,13,1.74,2.15,0.5281,True,30,0.1304,False,11,1.73,True,18,44,20,False,35,32.2,False,False,0.89,True,24,True,36,-0.28,5m,5m,,,,,,,,,,,,,,,,,,,,,,,"[44, 118, 250]",[1.8],[100.0]
17,Random (Waiting for Data: 5/10),No trades or total_symbol_performance.csv not generated,False,0.99,1.0,0.8,0.74,0.42,5.37,False,True,False,False,short,2.3,32.23,380,8,False,True,True,False,bearish,False,12,31,238,15,3.91,4,15,56,34,83,24,50,3.69,1.71,0.9549,False,36,0.6438,False,11,1.73,False,20,58,13,True,12,25.1,False,False,0.89,False,11,True,15,-0.05,5m,5m,,,,,,,,,,,,,,,,,,,,,,,"[26, 99, 165]","[0.7, 1.9, 4.2]","[33.33, 33.33, 33.33]"
18,Random (Waiting for Data: 5/10),,False,0.99,1.0,0.37,0.35,1.26,1.0,True,False,False,False,both,2.18,33.87,543,5,False,True,True,False,bearish,False,26,63,66,7,2.49,3,25,80,41,90,26,29,2.93,0.84,0.6996,False,36,0.6438,False,11,1.73,False,20,58,13,True,35,21.7,False,True,1.41,True,27,False,1,0.0,5m,5m,,12.0,0.1666666666666666,6.565475012500146,22.05810137499965,1.5952892228468352,0.5471229177083455,2.7122749875,0.7499999999999757,0.0,10.0,0.0,0.0,0.0,0.0,0.0,100.0,0.0,0.0,0.0,0.0,0.0,"[42, 73, 246]","[3.6, 4.4]","[50.0, 50.0]"
19,Random (Waiting for Data: 6/10),No trades or total_symbol_performance.csv not generated,True,0.0571,0.0374,0.0,1.0,0.1,1.0,False,False,False,False,both,1.51,45.49,444,10,False,True,True,False,bearish,False,3,118,152,8,0.45,6,17,80,34,84,25,44,2.08,2.14,0.4008,False,36,0.6438,False,11,1.73,False,20,58,13,True,20,39.8,True,True,1.55,False,11,True,27,0.08,5m,5m,,,,,,,,,,,,,,,,,,,,,,,"[33, 63, 296]",[3.7],[100.0]
20,Random (Waiting for Data: 6/10),No trades or total_symbol_performance.csv not generated,True,0.0413,0.0638,0.0,1.0,0.1,1.0,False,False,False,False,short,2.92,15.09,267,10,False,True,True,False,bearish,False,8,79,176,11,3.86,6,24,82,18,92,4,22,3.28,0.71,0.0599,False,36,0.6438,True,15,3.92,False,20,58,13,True,37,17.0,True,False,0.89,False,11,False,1,0.0,5m,5m,,,,,,,,,,,,,,,,,,,,,,,"[34, 119, 159]",[6.4],[100.0]
21,Random (Waiting for Data: 6/10),,False,0.99,1.0,0.66,1.56,1.43,1.0,False,False,False,False,long,2.78,49.32,136,6,False,True,True,False,bearish,False,30,99,82,13,3.13,6,24,65,40,82,13,33,2.01,1.32,0.8055,False,36,0.6438,False,11,1.73,False,20,58,13,True,27,21.7,False,True,1.15,True,10,True,33,-0.09,5m,5m,,7.0,0.7142857142857143,8.130342937453456,3.047103420775896,8.243669400912195,1.1614775624933509,0.897619360388538,0.7499999999999798,0.0,3.0,4.0,0.0,2.0,0.0,0.0,33.33333333333333,44.44444444444444,0.0,22.22222222222222,0.0,0.0,"[36, 121, 162]","[0.9, 4.0]","[50.0, 50.0]"
22,Random (Waiting for Data: 7/10),,False,0.99,1.0,0.48,1.26,1.15,1.0,True,False,False,False,short,2.02,10.49,340,1,True,True,True,False,bearish,False,4,40,111,14,2.32,9,7,68,22,77,21,59,2.32,1.14,0.6178,False,36,0.6438,True,24,3.49,True,21,53,8,False,35,32.2,True,True,1.56,False,11,False,1,0.0,5m,5m,,39.0,0.4358974358974359,17.86896905335734,38.17827434652409,1.421568034847756,0.4581786936758292,8.736454869904902,0.7499999999999928,0.0,37.0,1.0,0.0,29.0,0.0,0.0,55.223880597014926,1.4925373134328357,0.0,43.28358208955223,0.0,0.0,"[13, 81, 239]",[4.7],[100.0]
23,Random (Waiting for Data: 8/10),No trades or total_symbol_performance.csv not generated,True,0.032,0.068,0.0,1.0,0.1,1.0,False,False,False,False,short,3.8,6.82,559,8,False,True,True,False,bullish,False,13,81,68,5,2.08,1,28,79,23,83,8,49,3.54,0.73,0.5375,True,4,0.2308,True,46,1.92,False,20,58,13,True,14,33.4,False,False,0.89,False,11,False,1,0.0,5m,5m,,,,,,,,,,,,,,,,,,,,,,,"[37, 150, 177]",[6.8],[100.0]
24,Random (Waiting for Data: 8/10),,False,0.99,1.0,0.42,5.24,0.63,1.0,False,False,False,False,long,1.69,24.97,198,3,False,True,True,False,bullish,False,10,109,202,8,3.96,2,7,70,33,87,11,38,0.99,2.27,0.4846,False,36,0.6438,False,11,1.73,True,13,43,9,True,10,36.2,False,True,1.76,True,25,True,18,0.28,5m,5m,,16.0,0.3125,-39.18237122649883,180.593592349525,0.2910787345859391,-2.448898201656177,3.594785586461983,0.7499999999999721,0.0,2.0,2.0,12.0,2.0,0.0,0.0,11.11111111111111,11.11111111111111,66.66666666666666,11.11111111111111,0.0,0.0,"[41, 113, 169]",[1.7],[100.0]
25,Random (Waiting for Data: 9/10),,False,0.99,1.0,0.95,2.7,0.64,1.01,False,True,False,False,short,1.8,6.31,241,12,False,True,True,False,bullish,False,24,110,205,6,4.92,10,24,72,24,90,20,33,2.87,2.13,0.4223,True,15,0.8765,True,37,2.72,False,20,58,13,False,35,32.2,False,True,0.72,False,11,False,1,0.0,5m,5m,,10.0,0.5,-23.44547084841505,93.78188339366018,0.241397550298278,-2.344547084841505,1.5757107369321333,0.5999999999999789,0.0,5.0,4.0,0.0,1.0,0.0,0.0,50.0,40.0,0.0,10.0,0.0,0.0,"[14, 108, 176]","[1.3, 3.3, 4.9]","[33.33, 33.33, 33.33]"
26,ML-Guided,,False,0.99,1.0,0.79,0.57,1.04,1.0,False,False,False,False,short,3.73,38.4,661,3,False,True,True,False,bullish,False,19,35,86,14,1.0,4,5,59,30,82,28,31,1.2,2.68,0.7286,False,36,0.6438,True,25,2.62,True,22,59,5,True,8,25.1,False,False,0.89,False,11,True,14,0.02,5m,5m,,43.0,0.5581395348837209,-9.251026763276498,44.22878665083825,0.6994144440914799,-0.2151401572854999,8.560212365222569,0.6627906976744009,0.0,23.0,5.0,1.0,5.0,0.0,0.0,67.64705882352942,14.705882352941178,2.941176470588235,14.705882352941178,0.0,0.0,"[20, 76, 272]","[0.5, 3.9]","[50.0, 50.0]"
27,ML-Guided,No trades or total_symbol_performance.csv not generated,False,0.99,1.0,0.75,0.28,1.32,1.0,True,False,False,False,short,3.3,38.56,625,7,True,True,True,False,bearish,False,29,100,195,16,4.52,4,13,61,27,82,14,36,1.38,2.63,0.0814,False,36,0.6438,True,23,1.6,False,20,58,13,False,35,32.2,False,True,2.24,False,11,False,1,0.0,5m,5m,,,,,,,,,,,,,,,,,,,,,,,"[12, 74, 208]","[1.1, 1.7]","[50.0, 50.0]"
28,ML-Guided,,False,0.99,1.0,0.33,0.94,1.45,1.0,False,False,False,False,long,4.7,17.13,34,3,False,True,True,False,bullish,False,21,83,104,9,3.46,9,12,67,19,78,14,13,2.41,1.8,0.8789,True,32,0.586,True,21,2.73,False,20,58,13,True,21,16.9,False,False,0.89,True,19,False,1,0.0,5m,5m,,22.0,0.2272727272727271,-21.34504665223101,104.49421501042096,0.4420553465817579,-0.9702293932832275,4.945480001713598,0.7500000000000004,0.0,22.0,0.0,0.0,8.0,0.0,0.0,73.33333333333333,0.0,0.0,26.666666666666668,0.0,0.0,"[13, 125, 230]","[4.7, 4.7]","[50.0, 50.0]"
29,ML-Guided,,False,0.99,1.0,0.31,0.56,1.42,5.96,False,True,False,False,short,1.42,20.83,79,10,True,True,True,False,bearish,False,18,85,160,3,3.09,6,28,58,23,88,3,43,3.9,1.32,0.7181,True,37,0.5239,True,37,3.74,False,20,58,13,True,24,19.3,False,False,0.89,False,11,False,1,0.0,5m,5m,,50.0,0.48,7.362270962672389,33.47245156744102,1.1855758188756624,0.1472454192534477,10.324583564784737,0.7050000000000003,0.0,25.0,5.0,0.0,5.0,0.0,0.0,71.42857142857143,14.285714285714285,0.0,14.285714285714285,0.0,0.0,"[10, 126, 181]","[0.9, 3.4, 3.6]","[33.33, 33.33, 33.33]"
30,ML-Guided,,False,0.99,1.0,0.56,1.42,1.25,1.25,True,True,False,False,short,4.69,39.42,507,3,True,True,True,False,bearish,False,26,78,187,7,0.83,1,14,76,31,96,10,38,3.72,2.87,0.1629,True,38,0.3031,True,48,3.32,False,20,58,13,True,18,17.8,True,True,1.32,False,11,False,1,0.0,5m,5m,,130.0,0.6538461538461539,-49.68442417812583,175.17458969841826,0.5702533228294343,-0.3821878782932756,15.04824265841647,0.582692307692303,0.0,51.0,71.0,4.0,15.0,0.0,0.0,36.17021276595745,50.35460992907801,2.8368794326241136,10.638297872340424,0.0,0.0,"[15, 115, 287]","[0.7, 1.1, 4.7]","[33.33, 33.33, 33.33]"
31,ML-Guided,No trades or total_symbol_performance.csv not generated,True,0.0445,0.0627,0.0,1.0,0.1,1.0,False,False,False,False,short,3.83,41.24,655,4,False,True,True,False,bearish,False,15,150,144,16,1.54,5,7,66,16,76,1,47,2.67,1.2,0.4734,False,36,0.6438,False,11,1.73,False,20,58,13,True,25,17.9,False,False,0.89,True,5,False,1,0.0,5m,5m,,,,,,,,,,,,,,,,,,,,,,,"[35, 129, 252]",[6.3],[100.0]
32,ML-Guided,,False,0.99,1.0,0.71,0.3,0.94,2.85,False,True,False,False,short,3.69,41.97,133,5,True,True,True,False,bearish,False,7,101,232,16,2.01,8,20,58,43,80,30,57,3.26,1.74,0.8356,True,28,0.5707,True,19,3.08,True,20,31,20,True,17,36.4,True,True,0.54,False,11,True,9,-0.12,5m,5m,,4.0,0.5,3.105169600000016,7.064034710454066,2.596633544500404,0.776292400000004,0.8993303999999999,0.750000000000002,0.0,2.0,0.0,0.0,0.0,0.0,0.0,100.0,0.0,0.0,0.0,0.0,0.0,"[28, 117, 177]","[1.1, 2.3, 4.1]","[33.33, 33.33, 33.33]"
33,ML-Guided,,False,0.99,1.0,0.12,1.34,1.29,1.0,False,False,False,False,both,3.94,47.35,470,12,False,True,True,False,bullish,False,17,117,148,20,3.85,1,23,76,34,82,16,38,2.93,0.69,0.9649,False,36,0.6438,False,11,1.73,True,13,49,20,True,17,21.3,True,False,0.89,False,11,True,27,-0.15,5m,5m,,16.0,0.4375,-4.789558899280221,43.00236355681797,0.7890960006804655,-0.2993474312050138,3.1425643865263644,0.6562499999999949,0.0,14.0,2.0,0.0,8.0,0.0,0.0,58.333333333333336,8.333333333333332,0.0,33.33333333333333,0.0,0.0,"[43, 125, 173]","[3.0, 4.5]","[50.0, 50.0]"
34,ML-Guided,,False,0.99,1.0,0.92,2.13,1.37,1.0,True,False,False,False,short,0.7,30.78,69,3,True,True,True,False,bullish,False,14,50,86,9,2.41,5,17,76,19,77,12,57,3.72,0.41,0.6838,True,3,0.2056,False,11,1.73,False,20,58,13,True,13,19.2,False,True,1.99,False,11,False,1,0.0,5m,5m,,17.0,0.4705882352941176,-32.306706329594185,157.70012458399174,0.3548750945689279,-1.9003944899761285,3.82365762808432,0.7499999999999702,0.0,7.0,6.0,2.0,0.0,0.0,0.0,46.66666666666666,40.0,13.333333333333334,0.0,0.0,0.0,"[39, 122, 163]",[1.0],[100.0]
35,ML-Guided,,False,0.99,1.0,0.92,1.85,1.15,1.0,True,False,False,False,long,4.47,19.29,374,3,False,True,True,False,bearish,False,10,119,74,9,2.37,5,28,57,23,76,10,19,4.89,1.07,0.5814,True,14,0.1555,True,40,1.81,False,20,58,13,True,37,19.0,False,False,0.89,False,11,False,1,0.0,5m,5m,,11.0,0.4545454545454545,-2.914849858444531,44.51459652102245,0.8540922418502356,-0.2649863507676846,2.4822442106141227,0.7499999999999907,0.0,9.0,0.0,1.0,6.0,0.0,0.0,56.25,0.0,6.25,37.5,0.0,0.0,"[13, 86, 202]",[4.6],[100.0]
36,ML-Guided,No trades or total_symbol_performance.csv not generated,True,0.0323,0.0672,0.0,1.0,0.1,1.0,False,False,False,False,short,3.42,42.34,109,1,True,True,True,False,bullish,False,4,112,211,9,4.61,3,5,61,40,96,30,50,4.17,0.62,0.1389,True,11,0.7855,True,28,2.86,False,20,58,13,True,39,35.9,False,False,0.89,False,11,False,1,0.0,5m,5m,,,,,,,,,,,,,,,,,,,,,,,"[41, 57, 299]",[6.7],[100.0]
37,ML-Guided,No trades or total_symbol_performance.csv not generated,True,0.0385,0.0579,0.0,1.0,0.1,1.0,False,False,False,False,long,3.51,48.67,255,3,False,True,True,False,bullish,False,16,118,123,16,3.34,3,28,60,40,87,30,10,3.06,1.17,0.607,False,36,0.6438,False,11,1.73,True,23,55,11,True,34,36.6,True,False,0.89,False,11,True,37,0.09,5m,5m,,,,,,,,,,,,,,,,,,,,,,,"[48, 122, 170]",[5.8],[100.0]
38,ML-Guided,No trades or total_symbol_performance.csv not generated,True,0.0188,0.0636,0.0,1.0,0.1,1.0,False,False,False,False,both,0.57,49.63,166,12,False,True,True,False,bullish,False,3,136,160,6,0.68,6,13,64,41,88,19,37,3.03,2.43,0.724,True,37,0.8853,False,11,1.73,False,20,58,13,False,35,32.2,False,False,0.89,True,10,False,1,0.0,5m,5m,,,,,,,,,,,,,,,,,,,,,,,"[21, 95, 185]",[6.4],[100.0]
39,ML-Guided,,False,0.99,1.0,0.76,3.82,1.38,3.63,False,True,False,False,short,2.61,39.24,690,9,True,True,True,False,bullish,False,7,119,95,12,1.75,6,7,62,42,78,26,21,4.95,1.86,0.3197,True,22,0.3302,False,11,1.73,False,20,58,13,False,35,32.2,False,True,2.42,False,11,True,37,0.16,5m,5m,,42.0,0.5,-20.16042457747877,82.68504124355846,0.4965536299504237,-0.4800101089875898,6.534437943451044,0.6785714285714172,0.0,4.0,13.0,25.0,2.0,0.0,0.0,9.090909090909092,29.545454545454547,56.81818181818182,4.545454545454546,0.0,0.0,"[45, 81, 235]","[0.9, 2.1, 4.3]","[33.33, 33.33, 33.33]"
40,ML-Guided,No trades or total_symbol_performance.csv not generated,True,0.0488,0.0557,0.0,1.0,0.1,1.0,False,False,False,False,short,3.71,42.64,596,9,True,True,True,False,bullish,False,25,112,188,5,1.93,1,23,65,41,94,26,36,2.98,2.32,0.9873,False,36,0.6438,True,42,1.64,True,8,50,11,True,23,27.2,False,True,1.87,False,11,True,33,-0.26,5m,5m,,,,,,,,,,,,,,,,,,,,,,,"[12, 132, 236]",[5.6],[100.0]
41,ML-Guided,No trades or total_symbol_performance.csv not generated,True,0.0579,0.0555,0.0,1.0,0.1,1.0,False,False,False,False,short,3.73,40.79,692,4,True,True,True,False,bullish,False,11,80,53,14,0.61,7,11,71,40,86,11,59,2.67,2.63,0.4905,True,35,0.6016,True,40,2.44,True,21,31,5,True,15,32.2,False,False,0.89,False,11,True,8,-0.05,5m,5m,,,,,,,,,,,,,,,,,,,,,,,"[33, 141, 207]",[5.5],[100.0]
42,ML-Guided,No trades or total_symbol_performance.csv not generated,True,0.0215,0.033,0.0,1.0,0.1,1.0,False,False,False,False,short,2.35,41.86,225,7,True,True,True,False,bearish,False,21,79,146,18,0.83,4,20,77,42,78,12,40,3.73,2.4,0.7824,True,36,0.0853,True,14,2.8,True,14,56,5,False,35,32.2,True,True,1.99,False,11,True,18,0.24,5m,5m,,,,,,,,,,,,,,,,,,,,,,,"[35, 102, 156]",[3.3],[100.0]
43,ML-Guided,No trades or total_symbol_performance.csv not generated,True,0.0449,0.0413,0.0,1.0,0.1,1.0,False,False,False,False,long,4.39,20.32,447,6,False,True,True,False,bearish,False,16,122,61,19,4.31,8,7,65,44,79,20,18,3.27,0.4,0.6035,True,15,0.7962,True,23,1.59,True,24,26,16,True,14,25.7,True,True,2.26,True,5,True,39,-0.11,5m,5m,,,,,,,,,,,,,,,,,,,,,,,"[43, 102, 300]",[4.1],[100.0]
44,ML-Guided,,False,0.99,1.0,0.39,0.64,1.08,4.96,False,True,False,False,both,3.99,44.87,568,2,True,True,True,False,bullish,False,4,46,206,8,3.46,2,25,60,43,87,22,26,1.69,2.93,0.1151,True,39,0.6159,False,11,1.73,False,20,58,13,False,35,32.2,False,False,0.89,True,17,True,38,0.29,5m,5m,,1.0,0.0,-1.829752840000006,7.319011360000019,0.0,-1.829752840000006,0.22495284,0.7499999999999958,0.0,1.0,0.0,0.0,0.0,0.0,0.0,100.0,0.0,0.0,0.0,0.0,0.0,"[42, 78, 168]","[1.1, 2.1, 4.3]","[33.33, 33.33, 33.33]"
45,ML-Guided,No trades or total_symbol_performance.csv not generated,True,0.0244,0.0292,0.0,1.0,0.1,1.0,False,False,False,False,long,0.73,41.82,545,7,False,True,True,False,bullish,False,26,116,153,5,3.35,8,17,76,41,80,16,14,1.45,2.8,0.3041,False,36,0.6438,False,11,1.73,True,8,50,18,False,35,32.2,False,False,0.89,False,11,True,26,-0.09,5m,5m,,,,,,,,,,,,,,,,,,,,,,,"[39, 85, 167]",[2.9],[100.0]
46,ML-Guided,No trades or total_symbol_performance.csv not generated,False,0.99,1.0,0.54,5.12,1.45,1.0,False,False,False,False,short,2.83,18.93,174,10,True,True,True,False,bearish,False,23,56,180,17,3.54,7,10,75,40,87,28,11,4.43,2.67,0.7515,True,22,0.1045,True,16,2.35,True,20,46,9,True,27,15.5,False,True,1.28,True,11,True,16,-0.09,5m,5m,,,,,,,,,,,,,,,,,,,,,,,"[31, 62, 236]",[4.8],[100.0]
47,ML-Guided,No trades or total_symbol_performance.csv not generated,True,0.0181,0.0256,0.0,1.0,0.1,1.0,False,False,False,False,both,4.32,43.77,345,3,True,True,True,False,bullish,False,4,58,135,18,1.85,10,6,71,19,93,4,30,2.52,0.89,0.8946,False,36,0.6438,False,11,1.73,False,20,58,13,False,35,32.2,False,True,1.77,True,10,True,8,-0.1,5m,5m,,,,,,,,,,,,,,,,,,,,,,,"[47, 93, 162]",[2.6],[100.0]
48,ML-Guided,No trades or total_symbol_performance.csv not generated,True,0.0568,0.055,0.0,1.0,0.1,1.0,False,False,False,False,short,1.22,41.59,136,2,False,True,True,False,bullish,False,27,32,139,14,0.26,8,23,83,39,84,9,15,0.92,2.2,0.91,True,10,0.7683,True,13,2.11,True,9,53,5,False,35,32.2,True,False,0.89,False,11,True,25,-0.24,5m,5m,,,,,,,,,,,,,,,,,,,,,,,"[16, 107, 220]",[5.5],[100.0]
49,ML-Guided,No trades or total_symbol_performance.csv not generated,True,0.0661,0.0596,0.0,1.0,0.1,1.0,False,False,False,False,long,0.99,6.94,253,9,True,True,True,False,bearish,False,30,102,246,18,0.76,3,15,77,44,87,8,28,4.39,0.62,0.967,False,36,0.6438,False,11,1.73,False,20,58,13,True,36,18.4,True,True,2.2,False,11,False,1,0.0,5m,5m,,,,,,,,,,,,,,,,,,,,,,,"[29, 56, 200]",[6.0],[100.0]
50,ML-Guided,,False,0.99,1.0,0.62,2.4,0.61,1.0,True,False,False,False,long,4.24,12.22,145,4,True,True,True,False,bearish,False,16,91,163,14,3.74,3,29,63,42,98,6,35,1.46,1.17,0.9061,False,36,0.6438,False,11,1.73,False,20,58,13,True,36,31.5,True,True,0.32,False,11,True,8,-0.25,5m,5m,,4.0,0.75,1.2301466068943556,5.568237519253996,1.7953467270237355,0.3075366517235889,0.4478948813302988,0.7500000000000068,0.0,2.0,2.0,0.0,2.0,0.0,0.0,33.33333333333333,33.33333333333333,0.0,33.33333333333333,0.0,0.0,"[47, 84, 188]","[1.0, 3.0]","[50.0, 50.0]"
51,ML-Guided,,False,0.99,1.0,0.4,1.41,0.17,1.0,True,False,False,False,long,4.06,44.07,68,7,True,True,True,False,bearish,False,4,91,206,13,1.65,3,5,55,39,83,22,30,2.32,1.39,0.4487,False,36,0.6438,True,28,2.56,True,14,33,13,False,35,32.2,False,False,0.89,True,15,True,17,-0.21,5m,5m,,116.0,0.3448275862068966,-146.81307585604344,595.5171036188306,0.2955201523653034,-1.2656299642762363,22.28077685650052,0.7112068965517109,0.0,59.0,21.0,36.0,19.0,0.0,0.0,43.7037037037037,15.555555555555555,26.666666666666668,14.074074074074074,0.0,0.0,"[46, 142, 218]","[1.0, 2.8]","[50.0, 50.0]"
52,ML-Guided,No trades or total_symbol_performance.csv not generated,True,0.0473,0.0274,0.0,1.0,0.1,1.0,False,False,False,False,long,3.85,16.71,400,4,False,True,True,False,bearish,False,19,76,102,10,2.58,7,25,67,25,75,5,43,2.09,1.87,0.8903,False,36,0.6438,False,11,1.73,True,16,39,18,False,35,32.2,True,False,0.89,True,22,True,10,-0.17,5m,5m,,,,,,,,,,,,,,,,,,,,,,,"[21, 143, 267]",[2.7],[100.0]
53,ML-Guided,No trades or total_symbol_performance.csv not generated,True,0.0199,0.0643,0.0,1.0,0.1,1.0,False,False,False,False,short,3.68,30.16,717,8,False,True,True,False,bearish,False,27,124,98,10,0.04,7,11,84,44,94,27,47,1.04,0.45,0.3635,True,21,0.0516,False,11,1.73,True,13,34,7,False,35,32.2,True,False,0.89,True,22,True,19,-0.23,5m,5m,,,,,,,,,,,,,,,,,,,,,,,"[47, 111, 250]",[6.4],[100.0]
54,ML-Guided,No trades or total_symbol_performance.csv not generated,False,0.99,1.0,0.98,4.0,1.48,1.0,False,False,False,False,long,4.4,47.51,382,12,True,True,True,False,bearish,False,20,34,157,6,4.16,2,26,69,42,95,11,56,4.4,1.27,0.9794,True,40,0.5389,True,24,3.31,True,13,33,19,True,29,37.2,False,True,2.18,False,11,True,21,-0.21,5m,5m,,,,,,,,,,,,,,,,,,,,,,,"[36, 73, 193]","[2.9, 4.4]","[50.0, 50.0]"
55,ML-Guided,,False,0.99,1.0,0.9,5.7,1.46,1.0,False,False,False,False,long,0.7,36.7,162,12,True,True,True,False,bearish,False,20,82,63,16,1.73,10,13,70,37,95,2,35,1.81,2.37,0.7155,False,36,0.6438,False,11,1.73,False,20,58,13,False,35,32.2,True,False,0.89,True,13,True,33,-0.27,5m,5m,,20.0,0.7,-16.995778481170852,87.43167740408416,0.6246928618323908,-0.8497889240585426,4.494005838411346,0.7499999999999944,0.0,1.0,14.0,5.0,0.0,0.0,0.0,5.0,70.0,25.0,0.0,0.0,0.0,"[28, 76, 187]",[0.9],[100.0]
56,ML-Guided,,False,0.99,1.0,0.17,1.91,0.42,1.0,True,False,False,False,both,3.6,41.37,617,6,False,True,True,False,bullish,False,26,66,194,13,2.47,7,22,64,28,78,10,52,3.52,0.57,0.853,True,8,0.8145,False,11,1.73,True,13,27,11,True,28,33.3,True,False,0.89,False,11,True,18,0.2,5m,5m,,9.0,0.1111111111111111,-21.62437904114496,88.46476839535424,0.1957017906970814,-2.40270878234944,2.027743485999815,0.7500000000000019,0.0,8.0,0.0,0.0,4.0,0.0,0.0,66.66666666666666,0.0,0.0,33.33333333333333,0.0,0.0,"[47, 130, 265]","[2.2, 3.3]","[50.0, 50.0]"
57,ML-Guided,No trades or total_symbol_performance.csv not generated,True,0.0675,0.0346,0.0,1.0,0.1,1.0,False,False,False,False,long,4.08,46.25,106,11,False,True,True,False,bearish,False,28,124,231,19,2.8,4,21,66,43,75,30,27,2.0,2.2,0.9258,True,11,0.285,True,32,2.04,True,23,56,7,False,35,32.2,False,False,0.89,True,28,False,1,0.0,5m,5m,,,,,,,,,,,,,,,,,,,,,,,"[46, 59, 243]",[3.5],[100.0]
58,ML-Guided,No trades or total_symbol_performance.csv not generated,True,0.0671,0.0692,0.0,1.0,0.1,1.0,False,False,False,False,long,1.59,30.46,93,10,True,True,True,False,bearish,False,26,33,98,17,1.99,9,19,82,41,87,5,47,4.23,0.68,0.8528,False,36,0.6438,True,25,3.8,False,20,58,13,False,35,32.2,True,True,2.28,True,8,True,35,-0.04,5m,5m,,,,,,,,,,,,,,,,,,,,,,,"[26, 70, 156]",[6.9],[100.0]
59,ML-Guided,No trades or total_symbol_performance.csv not generated,True,0.0353,0.0517,0.0,1.0,0.1,1.0,False,False,False,False,both,3.05,20.18,257,8,True,True,True,False,bullish,False,26,59,156,3,4.96,10,6,71,41,84,13,52,1.4,3.0,0.921,True,22,0.9368,True,35,2.94,False,20,58,13,False,35,32.2,False,True,0.6,True,21,True,36,0.12,5m,5m,,,,,,,,,,,,,,,,,,,,,,,"[44, 135, 290]",[5.2],[100.0]
60,ML-Guided,No trades or total_symbol_performance.csv not generated,False,0.99,1.0,0.34,4.05,0.79,1.0,True,False,False,False,short,2.99,35.68,190,8,True,True,True,False,bearish,False,28,61,233,9,3.2,10,30,75,44,79,5,23,3.0,2.29,0.9134,False,36,0.6438,True,48,2.6,False,20,58,13,True,33,24.6,True,True,0.38,False,11,False,1,0.0,5m,5m,,,,,,,,,,,,,,,,,,,,,,,"[31, 86, 236]","[3.4, 4.2]","[50.0, 50.0]"
61,ML-Guided,,False,0.99,1.0,0.94,3.45,1.13,1.0,False,False,False,False,long,1.78,47.45,192,6,True,True,True,False,bullish,False,27,63,151,14,1.06,2,11,67,22,78,18,48,4.8,2.79,0.8155,True,24,0.7151,False,11,1.73,False,20,58,13,True,37,36.8,False,False,0.89,True,7,True,13,-0.03,5m,5m,,13.0,0.4615384615384615,-21.797848801827588,87.19139520731036,0.4139068145736786,-1.6767576001405835,2.2556263002203174,0.7499999999999944,0.0,5.0,4.0,4.0,3.0,0.0,0.0,31.25,25.0,25.0,18.75,0.0,0.0,"[17, 52, 256]","[2.1, 5.0]","[50.0, 50.0]"
62,ML-Guided,No trades or total_symbol_performance.csv not generated,True,0.0223,0.0213,0.0,1.0,0.1,1.0,False,False,False,False,short,0.84,41.54,49,7,True,True,True,False,bearish,False,25,31,84,12,4.93,4,25,65,44,83,4,24,4.41,1.45,0.8803,True,5,0.0903,True,38,3.16,False,20,58,13,True,20,22.8,True,True,1.34,False,11,True,16,0.05,5m,5m,,,,,,,,,,,,,,,,,,,,,,,"[36, 139, 231]",[2.1],[100.0]
63,ML-Guided,,False,0.99,1.0,0.25,1.4,0.14,1.47,False,True,False,False,both,4.93,46.11,82,2,True,True,True,False,bearish,False,14,93,68,17,1.37,4,9,76,39,98,28,54,0.96,0.51,0.8733,False,36,0.6438,False,11,1.73,False,20,58,13,False,35,32.2,False,False,0.89,True,12,True,37,0.19,5m,5m,,1304.0,0.6165644171779141,-857.0876477159663,3428.350590863873,0.4189158141018227,-0.6572758034631644,156.14089637739647,0.557323619631892,0.0,523.0,708.0,70.0,117.0,0.0,0.0,36.88293370944993,49.92947813822285,4.9365303244005645,8.251057827926656,0.0,0.0,"[29, 88, 176]","[0.6, 0.6, 2.8]","[33.33, 33.33, 33.33]"
64,ML-Guided,,False,0.99,1.0,0.36,5.64,1.12,4.64,False,True,False,False,both,0.83,45.81,689,12,False,True,True,False,bearish,False,27,46,142,3,2.36,2,14,70,39,90,2,56,0.98,0.47,0.9182,False,36,0.6438,True,16,3.47,False,20,58,13,True,36,16.9,True,False,0.89,False,11,False,1,0.0,5m,5m,,25.0,0.8,-6.211876604064626,89.80508668683179,0.9057272319987444,-0.248475064162585,2.703329271299744,0.4500000000000027,0.0,4.0,19.0,2.0,3.0,0.0,0.0,14.285714285714285,67.85714285714286,7.142857142857142,10.714285714285714,0.0,0.0,"[48, 127, 283]","[3.3, 4.0, 4.0]","[33.33, 33.33, 33.33]"
65,ML-Guided,No trades or total_symbol_performance.csv not generated,False,0.99,1.0,0.22,0.71,1.43,1.0,False,False,False,False,long,1.56,44.49,272,2,True,True,True,False,bullish,False,30,139,105,16,4.5,4,15,76,40,84,17,56,4.58,1.94,0.833,False,36,0.6438,False,11,1.73,True,11,39,7,False,35,32.2,True,True,0.96,True,10,True,7,0.19,5m,5m,,,,,,,,,,,,,,,,,,,,,,,"[19, 144, 259]","[2.5, 3.9]","[50.0, 50.0]"
66,ML-Guided,No trades or total_symbol_performance.csv not generated,True,0.0163,0.0468,0.0,1.0,0.1,1.0,False,False,False,False,long,1.24,47.68,646,12,False,True,True,False,bullish,False,24,67,127,14,1.15,1,23,75,44,93,28,12,1.19,0.45,0.8623,False,36,0.6438,True,38,2.72,True,8,37,12,False,35,32.2,True,False,0.89,True,29,True,37,-0.24,5m,5m,,,,,,,,,,,,,,,,,,,,,,,"[45, 70, 255]",[4.7],[100.0]
67,ML-Guided,,False,0.99,1.0,0.73,4.53,1.4,1.0,False,False,False,False,short,4.55,47.49,174,9,True,True,True,False,bullish,False,19,105,123,15,3.24,7,13,63,45,92,30,48,2.48,0.79,0.5427,True,36,0.7039,False,11,1.73,True,10,30,15,True,22,23.5,True,True,1.19,False,11,True,29,0.02,5m,5m,,2.0,0.5,-5.789921561249992,37.60858246095941,0.4999868448448525,-2.894960780624996,0.4489465612499999,0.74999999999996,0.0,1.0,1.0,0.0,0.0,0.0,0.0,50.0,50.0,0.0,0.0,0.0,0.0,"[38, 57, 195]",[2.4],[100.0]
68,ML-Guided,No trades or total_symbol_performance.csv not generated,True,0.0533,0.0225,0.0,1.0,0.1,1.0,False,False,False,False,both,4.27,15.98,529,4,False,True,True,False,bearish,False,27,145,206,3,0.9,8,12,72,44,92,5,42,0.94,2.97,0.9423,False,36,0.6438,True,16,3.25,False,20,58,13,True,8,30.2,False,True,0.6,True,24,True,36,-0.11,5m,5m,,,,,,,,,,,,,,,,,,,,,,,"[12, 79, 218]",[2.2],[100.0]
69,ML-Guided,,False,0.99,1.0,0.25,5.87,1.14,1.0,False,False,False,False,short,4.06,31.96,428,12,True,True,True,False,bearish,False,18,136,117,17,0.33,6,7,81,44,87,15,54,3.32,2.58,0.916,False,36,0.6438,True,29,3.95,False,20,58,13,False,35,32.2,True,True,0.84,True,25,True,18,-0.27,5m,5m,,57.0,0.4385964912280701,-85.07688902997315,399.3627572850031,0.552432692700916,-1.4925770005258447,12.78583160044147,0.7499999999999969,0.0,1.0,23.0,33.0,1.0,0.0,0.0,1.7241379310344829,39.6551724137931,56.896551724137936,1.7241379310344829,0.0,0.0,"[36, 82, 192]",[1.7],[100.0]
70,ML-Guided,No trades or total_symbol_performance.csv not generated,True,0.0595,0.0458,0.0,1.0,0.1,1.0,False,False,False,False,short,0.7,40.51,541,9,True,True,True,False,bullish,False,30,109,143,3,1.36,8,20,67,45,93,4,58,1.16,0.84,0.8608,True,23,0.9353,True,34,2.45,True,14,38,14,True,30,16.9,False,False,0.89,True,7,True,38,-0.19,5m,5m,,,,,,,,,,,,,,,,,,,,,,,"[38, 72, 275]",[4.6],[100.0]
71,ML-Guided,No trades or total_symbol_performance.csv not generated,False,0.99,1.0,0.67,5.8,1.48,1.0,False,False,False,False,short,4.58,30.66,135,3,False,True,True,False,bullish,False,26,56,168,17,2.9,9,28,59,40,98,13,33,4.1,1.56,0.0413,False,36,0.6438,True,50,3.25,False,20,58,13,False,35,32.2,False,False,0.89,False,11,True,34,0.13,5m,5m,,,,,,,,,,,,,,,,,,,,,,,"[33, 56, 261]",[1.1],[100.0]
72,ML-Guided,No trades or total_symbol_performance.csv not generated,True,0.0628,0.0484,0.0,1.0,0.1,1.0,False,False,False,False,long,2.27,25.05,86,3,False,True,True,False,bearish,False,30,49,185,3,2.01,8,15,61,43,91,18,60,4.53,2.07,0.1445,False,36,0.6438,False,11,1.73,False,20,58,13,True,13,29.9,False,True,1.72,True,13,False,1,0.0,5m,5m,,,,,,,,,,,,,,,,,,,,,,,"[16, 82, 288]",[4.8],[100.0]
73,ML-Guided,No trades or total_symbol_performance.csv not generated,True,0.0661,0.0419,0.0,1.0,0.1,1.0,False,False,False,False,long,2.55,7.17,326,3,True,True,True,False,bearish,False,9,71,80,4,1.85,9,11,57,41,89,10,11,2.93,2.28,0.226,False,36,0.6438,False,11,1.73,True,23,38,7,False,35,32.2,True,False,0.89,False,11,True,22,-0.14,5m,5m,,,,,,,,,,,,,,,,,,,,,,,"[23, 140, 205]",[4.2],[100.0]
74,ML-Guided,No trades or total_symbol_performance.csv not generated,True,0.0247,0.0187,0.0,1.0,0.1,1.0,False,False,False,False,long,2.41,19.92,148,6,False,True,True,False,bearish,False,23,136,214,19,4.79,1,8,69,42,83,2,28,4.17,0.54,0.8857,True,26,0.0913,False,11,1.73,False,20,58,13,True,16,26.4,True,True,0.68,False,11,True,23,-0.15,5m,5m,,,,,,,,,,,,,,,,,,,,,,,"[18, 144, 268]",[1.9],[100.0]
75,ML-Guided,,False,0.99,1.0,0.17,0.29,1.37,4.06,True,True,False,False,short,4.57,14.31,60,12,False,True,True,False,bearish,False,5,147,200,19,4.83,4,16,79,42,81,16,43,4.05,1.85,0.2158,True,2,0.5193,False,11,1.73,False,20,58,13,False,35,32.2,False,False,0.89,True,23,True,34,-0.2,5m,5m,,16.0,0.0625,-10.504831013593986,42.01932405437593,0.2647713118145254,-0.6565519383496241,3.607696289374101,0.7499999999999696,0.0,14.0,0.0,1.0,0.0,0.0,0.0,93.33333333333331,0.0,6.666666666666667,0.0,0.0,0.0,"[26, 140, 232]","[1.7, 3.2, 3.8]","[33.33, 33.33, 33.33]"
76,ML-Guided,No trades or total_symbol_performance.csv not generated,False,0.99,1.0,0.83,4.16,0.26,5.5,True,True,False,False,long,3.28,48.46,144,10,True,True,True,False,bullish,False,30,55,173,5,3.22,9,6,85,20,97,8,13,2.09,1.93,0.633,False,36,0.6438,True,22,2.29,False,20,58,13,True,30,17.7,False,True,0.47,False,11,False,1,0.0,5m,5m,,,,,,,,,,,,,,,,,,,,,,,"[29, 106, 275]","[2.1, 4.3, 5.0]","[33.33, 33.33, 33.33]"
77,ML-Guided,No trades or total_symbol_performance.csv not generated,False,0.99,1.0,0.53,1.8,1.0,4.72,False,True,False,False,both,3.72,49.09,108,10,False,True,True,False,bullish,False,28,34,193,14,1.79,4,22,59,43,84,12,31,4.03,0.68,0.3157,True,36,0.507,False,11,1.73,False,20,58,13,False,35,32.2,True,True,2.3,False,11,False,1,0.0,5m,5m,,,,,,,,,,,,,,,,,,,,,,,"[24, 124, 257]","[1.0, 1.9, 2.2]","[33.33, 33.33, 33.33]"
78,ML-Guided,,False,0.99,1.0,0.34,4.25,0.77,1.33,False,True,False,False,both,3.56,50.0,271,9,False,True,True,False,bearish,False,30,43,60,20,0.52,5,5,81,41,97,19,12,3.31,1.58,0.8953,False,36,0.6438,True,32,1.55,False,20,58,13,False,35,32.2,True,False,0.89,False,11,True,28,-0.12,5m,5m,,19.0,0.6842105263157895,20.257050971819904,22.25660153560134,1.6757697847594315,1.0661605774642056,2.4540846103828886,0.7105263157894716,0.0,2.0,11.0,6.0,1.0,0.0,0.0,10.0,55.00000000000001,30.0,5.0,0.0,0.0,"[36, 100, 247]","[1.9, 3.6, 4.8]","[33.33, 33.33, 33.33]"
79,ML-Guided,,False,0.99,1.0,0.89,2.97,1.11,3.8,True,True,False,False,long,4.62,47.64,469,12,True,True,True,False,bearish,False,30,127,174,15,3.17,6,13,81,42,90,25,32,3.08,2.7,0.7483,False,36,0.6438,True,17,1.79,True,16,57,6,False,35,32.2,False,False,0.89,False,11,False,1,0.0,5m,5m,,30.0,0.5333333333333333,-10.698420817678048,130.22280863470604,0.7987617444451192,-0.3566140272559349,4.505589007431529,0.6499999999999805,0.0,15.0,13.0,2.0,12.0,0.0,0.0,35.714285714285715,30.952380952380956,4.761904761904762,28.57142857142857,0.0,0.0,"[22, 119, 234]","[2.6, 3.2, 4.2]","[33.33, 33.33, 33.33]"
80,ML-Guided,No trades or total_symbol_performance.csv not generated,True,0.0232,0.0157,0.0,1.0,0.1,1.0,False,False,False,False,long,1.61,49.11,665,8,True,True,True,False,bearish,False,27,71,203,7,3.94,3,19,60,25,78,17,15,1.95,2.54,0.4879,True,10,0.3872,True,43,3.24,True,21,57,16,True,40,22.4,False,False,0.89,False,11,True,33,-0.08,5m,5m,,,,,,,,,,,,,,,,,,,,,,,"[45, 111, 187]",[1.6],[100.0]
81,ML-Guided,No trades or total_symbol_performance.csv not generated,True,0.0276,0.069,0.0,1.0,0.1,1.0,False,False,False,False,long,3.17,27.27,49,3,False,True,True,False,bullish,False,28,65,67,16,2.25,1,23,63,41,88,30,50,4.11,1.15,0.5059,True,17,0.9315,True,16,3.59,True,12,43,19,True,26,26.6,False,False,0.89,False,11,True,28,-0.26,5m,5m,,,,,,,,,,,,,,,,,,,,,,,"[10, 143, 164]",[6.9],[100.0]
82,ML-Guided,No trades or total_symbol_performance.csv not generated,False,0.99,1.0,0.68,0.62,1.45,1.0,True,False,False,False,long,4.28,19.41,30,8,True,True,True,False,bullish,False,18,101,54,7,4.07,7,10,70,37,77,7,29,3.83,2.74,0.0765,True,28,0.4009,False,11,1.73,True,21,46,5,True,10,33.1,True,True,1.91,False,11,False,1,0.0,5m,5m,,,,,,,,,,,,,,,,,,,,,,,"[46, 150, 160]",[0.8],[100.0]
83,ML-Guided,,False,0.99,1.0,0.32,0.83,1.42,1.0,True,False,False,False,both,4.28,49.78,403,1,True,True,True,False,bearish,False,6,132,86,12,0.61,2,5,61,29,82,2,20,3.09,2.93,0.9859,True,8,0.3525,True,31,2.44,True,22,37,15,True,8,40.0,True,True,0.6,True,6,False,1,0.0,5m,5m,,3.0,0.3333333333333333,-3.274419076746529,14.223576525973158,0.0791573214325576,-1.0914730255821763,0.6740498185414172,0.7499999999999858,0.0,3.0,0.0,0.0,2.0,0.0,0.0,60.0,0.0,0.0,40.0,0.0,0.0,"[13, 123, 182]","[1.1, 2.4]","[50.0, 50.0]"
84,ML-Guided,No trades or total_symbol_performance.csv not generated,True,0.0563,0.0643,0.0,1.0,0.1,1.0,False,False,False,False,both,4.7,13.03,62,9,True,True,True,False,bullish,False,29,37,91,19,2.32,6,14,56,15,75,9,28,2.69,0.54,0.8383,True,17,0.7888,True,24,3.69,True,21,28,16,True,25,27.0,True,False,0.89,True,22,False,1,0.0,5m,5m,,,,,,,,,,,,,,,,,,,,,,,"[41, 59, 228]",[6.4],[100.0]
85,ML-Guided,No trades or total_symbol_performance.csv not generated,True,0.0215,0.0245,0.0,1.0,0.1,1.0,False,False,False,False,long,2.66,21.43,325,10,True,True,True,False,bullish,False,30,92,54,3,4.39,2,19,62,17,97,3,46,4.05,0.46,0.9531,False,36,0.6438,True,18,3.78,True,15,38,17,False,35,32.2,True,False,0.89,False,11,True,8,-0.12,5m,5m,,,,,,,,,,,,,,,,,,,,,,,"[42, 127, 244]",[2.5],[100.0]
86,ML-Guided,No trades or total_symbol_performance.csv not generated,False,0.99,1.0,0.18,0.23,0.7,1.0,True,False,False,False,short,4.01,5.63,53,3,True,True,True,False,bullish,False,30,55,186,17,4.4,3,10,64,28,88,25,35,2.56,0.71,0.4726,True,26,0.2258,True,46,3.62,False,20,58,13,False,35,32.2,False,False,0.89,True,22,False,1,0.0,5m,5m,,,,,,,,,,,,,,,,,,,,,,,"[18, 90, 259]",[3.7],[100.0]
87,ML-Guided,No trades or total_symbol_performance.csv not generated,True,0.0506,0.0178,0.0,1.0,0.1,1.0,False,False,False,False,long,3.13,10.88,594,8,True,True,True,False,bullish,False,29,45,162,17,4.59,9,13,76,37,79,2,21,4.61,1.39,0.4372,False,36,0.6438,True,19,3.95,True,16,58,6,True,15,23.6,False,True,0.88,False,11,False,1,0.0,5m,5m,,,,,,,,,,,,,,,,,,,,,,,"[42, 129, 183]",[1.8],[100.0]
88,ML-Guided,No trades or total_symbol_performance.csv not generated,True,0.0264,0.0371,0.0,1.0,0.1,1.0,False,False,False,False,both,1.14,30.8,144,9,True,True,True,False,bearish,False,30,38,132,12,0.81,8,13,72,35,84,13,26,4.33,0.98,0.6697,False,36,0.6438,False,11,1.73,True,23,38,19,True,23,34.5,False,True,0.91,False,11,True,7,0.29,5m,5m,,,,,,,,,,,,,,,,,,,,,,,"[21, 116, 262]",[3.7],[100.0]
89,ML-Guided,,False,0.99,1.0,0.17,5.72,0.66,1.0,True,False,False,False,long,3.46,19.35,713,4,True,True,True,False,bullish,False,30,88,148,18,2.3,6,27,77,21,81,18,13,3.53,0.92,0.5216,True,11,0.1726,True,22,3.33,True,6,44,8,True,28,28.5,False,True,0.87,True,20,True,14,-0.13,5m,5m,,3.0,0.6666666666666666,-5.990532845000025,58.24848278000007,0.588622222650791,-1.996844281666675,0.6746328449999999,0.7499999999999759,0.0,1.0,2.0,0.0,0.0,0.0,0.0,33.33333333333333,66.66666666666666,0.0,0.0,0.0,0.0,"[35, 114, 212]",[1.8],[100.0]
90,ML-Guided,No trades or total_symbol_performance.csv not generated,True,0.048,0.0226,0.0,1.0,0.1,1.0,False,False,False,False,long,4.5,25.23,560,7,True,True,True,False,bearish,False,29,95,86,9,4.28,8,5,60,39,84,21,24,2.77,0.61,0.7705,True,15,0.8137,True,48,2.67,False,20,58,13,False,35,32.2,True,True,2.38,True,26,True,22,-0.21,5m,5m,,,,,,,,,,,,,,,,,,,,,,,"[20, 130, 263]",[2.3],[100.0]
91,ML-Guided,No trades or total_symbol_performance.csv not generated,False,0.99,1.0,0.62,3.26,1.5,3.09,True,True,False,False,long,2.55,36.47,685,1,True,True,True,False,bearish,False,29,43,96,6,2.99,2,29,77,39,91,23,45,1.59,2.9,0.2078,True,6,0.0489,True,34,1.82,False,20,58,13,True,17,32.9,False,True,1.0,True,8,True,13,-0.26,5m,5m,,,,,,,,,,,,,,,,,,,,,,,"[29, 140, 272]","[1.7, 1.8, 2.2]","[33.33, 33.33, 33.33]"
92,ML-Guided,No trades or total_symbol_performance.csv not generated,True,0.0588,0.025,0.0,1.0,0.1,1.0,False,False,False,False,both,3.65,48.44,682,7,False,True,True,False,bearish,False,30,48,130,3,2.29,4,21,55,20,81,11,44,3.42,1.96,0.4101,False,36,0.6438,True,48,3.86,True,20,35,5,True,40,19.8,False,True,2.4,False,11,False,1,0.0,5m,5m,,,,,,,,,,,,,,,,,,,,,,,"[35, 104, 152]",[2.5],[100.0]
93,ML-Guided,,False,0.99,1.0,0.96,0.82,0.74,1.0,False,False,False,False,both,2.96,25.28,374,4,False,True,True,False,bullish,False,29,113,126,6,2.09,8,19,61,28,97,11,33,2.13,1.92,0.0541,False,36,0.6438,True,47,2.2,False,20,58,13,False,35,32.2,False,True,0.55,True,11,True,31,0.09,5m,5m,,32.0,0.15625,-51.31909098209081,205.2763639283632,0.1658859386409945,-1.603721593190338,7.201994671848078,0.7499999999999788,0.0,31.0,0.0,1.0,4.0,0.0,0.0,86.11111111111111,0.0,2.7777777777777777,11.11111111111111,0.0,0.0,"[45, 56, 276]",[3.4],[100.0]
94,ML-Guided,,False,0.99,1.0,0.36,1.93,0.13,1.0,False,False,False,False,short,3.26,49.2,376,7,False,True,True,False,bearish,False,30,85,175,19,4.75,9,7,83,22,96,3,35,2.22,1.03,0.3605,False,36,0.6438,False,11,1.73,False,20,58,13,False,35,32.2,True,False,0.89,True,28,True,27,-0.02,5m,5m,,4.0,0.25,-7.9567754457750866,42.805033388900895,0.3761957831444045,-1.989193861443772,0.906346458589014,0.7499999999999921,0.0,4.0,0.0,0.0,2.0,0.0,0.0,66.66666666666666,0.0,0.0,33.33333333333333,0.0,0.0,"[43, 135, 188]",[4.9],[100.0]
95,ML-Guided,No trades or total_symbol_performance.csv not generated,True,0.0545,0.0319,0.0,1.0,0.1,1.0,False,False,False,False,both,4.14,35.52,628,9,False,True,True,False,bearish,False,30,53,73,14,3.74,5,10,59,37,85,7,60,4.18,2.44,0.0932,True,20,0.8323,False,11,1.73,False,20,58,13,True,23,38.7,True,True,0.76,True,14,True,14,0.13,5m,5m,,,,,,,,,,,,,,,,,,,,,,,"[14, 137, 160]",[3.2],[100.0]
96,ML-Guided,No trades or total_symbol_performance.csv not generated,True,0.0272,0.0505,0.0,1.0,0.1,1.0,False,False,False,False,both,4.83,42.86,388,5,False,True,True,False,bullish,False,30,39,117,3,2.06,9,29,69,16,82,9,24,1.94,2.64,0.788,False,36,0.6438,True,38,2.77,False,20,58,13,False,35,32.2,False,True,1.62,False,11,False,1,0.0,5m,5m,,,,,,,,,,,,,,,,,,,,,,,"[18, 56, 253]",[5.1],[100.0]
97,ML-Guided,,False,0.99,1.0,0.99,4.89,0.67,1.0,True,False,False,False,short,1.88,49.49,636,4,True,True,True,False,bullish,False,15,148,115,10,4.64,3,24,57,33,81,13,37,4.7,1.82,0.6894,True,19,0.3953,True,22,2.89,False,20,58,13,False,35,32.2,False,False,0.89,False,11,True,5,-0.04,5m,5m,,3.0,0.6666666666666666,3.103611260096147,27.08492528461545,1.4583525673388558,1.0345370866987158,0.4470522014423077,0.4999999999999961,0.0,1.0,2.0,0.0,1.0,0.0,0.0,25.0,50.0,0.0,25.0,0.0,0.0,"[17, 143, 273]","[3.9, 4.2]","[50.0, 50.0]"
98,ML-Guided,No trades or total_symbol_performance.csv not generated,True,0.0324,0.0697,0.0,1.0,0.1,1.0,False,False,False,False,short,2.3,49.71,592,11,False,True,True,False,bearish,False,13,97,84,9,0.09,4,24,60,30,97,16,31,1.43,2.55,0.6317,True,34,0.1085,True,10,2.59,True,12,46,17,True,26,17.0,False,True,0.52,False,11,True,17,-0.11,5m,5m,,,,,,,,,,,,,,,,,,,,,,,"[47, 131, 294]",[7.0],[100.0]
99,ML-Guided,,False,0.99,1.0,0.23,2.8,0.07,2.89,True,True,False,False,short,0.67,49.98,640,2,True,True,True,False,bullish,False,24,52,146,10,1.16,9,5,55,43,86,12,45,1.47,1.09,0.8896,True,27,0.3931,True,25,2.38,True,25,27,6,False,35,32.2,True,True,2.42,True,5,False,1,0.0,5m,5m,,6.0,0.6666666666666666,0.9767046572525112,38.00169450589416,1.0674192421145912,0.1627841095420852,1.3494543617652095,0.7499999999999775,0.0,3.0,0.0,3.0,0.0,0.0,0.0,50.0,0.0,50.0,0.0,0.0,0.0,"[38, 139, 240]","[2.2, 2.3, 3.0]","[33.33, 33.33, 33.33]"
100,ML-Guided,No trades or total_symbol_performance.csv not generated,True,0.055,0.0435,0.0,1.0,0.1,1.0,False,False,False,False,both,3.03,48.7,371,8,False,True,True,False,bullish,False,12,131,121,9,3.88,2,9,61,45,85,7,43,1.78,1.12,0.2122,False,36,0.6438,False,11,1.73,False,20,58,13,True,10,24.8,False,True,0.65,False,11,True,17,0.04,5m,5m,,,,,,,,,,,,,,,,,,,,,,,"[10, 64, 223]",[4.3],[100.0]
101,ML-Guided,,False,0.99,1.0,0.4,1.27,0.15,1.0,True,False,False,False,long,2.45,49.65,556,10,True,True,True,False,bearish,False,5,115,176,6,3.57,8,11,81,17,88,3,51,3.69,2.65,0.0064,False,36,0.6438,True,26,3.29,False,20,58,13,True,8,29.5,False,True,1.85,False,11,True,34,-0.08,5m,5m,,75.0,0.2266666666666666,-73.99700974540005,344.10875921810066,0.4716927379150874,-0.986626796605334,16.899931314706183,0.7499999999999738,0.0,63.0,3.0,8.0,29.0,0.0,0.0,61.16504854368932,2.912621359223301,7.766990291262135,28.155339805825243,0.0,0.0,"[43, 103, 214]",[3.1],[100.0]
102,ML-Guided,,False,0.99,1.0,0.97,5.81,0.78,1.0,False,False,False,False,both,4.74,49.77,581,4,False,True,True,False,bullish,False,29,57,184,3,1.14,8,9,65,19,81,7,53,1.69,2.8,0.2077,False,36,0.6438,True,13,3.17,False,20,58,13,False,35,32.2,False,False,0.89,True,12,False,1,0.0,5m,5m,,53.0,0.5094339622641509,-107.71625718088518,527.073452422548,0.5369270380188137,-2.032382210960097,11.938103723080587,0.7499999999999896,0.0,12.0,17.0,24.0,9.0,0.0,0.0,19.35483870967742,27.41935483870968,38.70967741935484,14.516129032258066,0.0,0.0,"[33, 56, 231]",[2.5],[100.0]
103,ML-Guided,,False,0.99,1.0,0.27,1.05,0.82,1.0,False,False,False,False,long,3.75,49.37,351,1,True,True,True,False,bullish,False,25,125,213,13,1.89,6,23,56,16,93,6,40,3.11,1.08,0.8972,True,15,0.7252,True,27,1.6,True,12,53,12,False,35,32.2,False,False,0.89,True,15,True,13,0.16,5m,5m,,13.0,0.2307692307692307,-14.527655828683413,64.3933219938046,0.340400589150128,-1.117511986821801,2.9204286647237816,0.7499999999999967,0.0,13.0,0.0,0.0,6.0,0.0,0.0,68.42105263157895,0.0,0.0,31.57894736842105,0.0,0.0,"[48, 145, 213]","[3.2, 4.5]","[50.0, 50.0]"
104,ML-Guided,No trades or total_symbol_performance.csv not generated,True,0.0206,0.0603,0.0,1.0,0.1,1.0,False,False,False,False,long,1.19,49.5,605,9,False,True,True,False,bearish,False,5,80,212,9,3.76,9,8,57,15,88,1,60,4.62,1.78,0.0665,False,36,0.6438,True,36,3.19,True,14,47,15,False,35,32.2,True,False,0.89,False,11,True,12,0.12,5m,5m,,,,,,,,,,,,,,,,,,,,,,,"[11, 54, 235]",[6.0],[100.0]
105,ML-Guided,,False,0.99,1.0,0.13,2.8,1.02,4.38,True,True,False,False,both,4.91,49.94,220,1,True,True,True,False,bearish,False,4,108,110,12,1.12,7,24,70,45,77,25,33,1.19,2.61,0.2495,True,24,0.4547,True,44,2.26,True,19,56,11,False,35,32.2,True,False,0.89,False,11,True,33,-0.12,5m,5m,,67.0,0.5671641791044776,-45.22490058557962,192.5073961855697,0.6190733120016203,-0.6749985162026809,9.208481297748262,0.6156716417910404,0.0,8.0,34.0,25.0,6.0,0.0,0.0,10.95890410958904,46.57534246575342,34.24657534246575,8.21917808219178,0.0,0.0,"[18, 57, 269]","[2.0, 2.1, 3.3]","[33.33, 33.33, 33.33]"
106,ML-Guided,,False,0.99,1.0,0.86,4.4,1.47,1.0,True,False,False,False,short,0.69,6.78,385,11,False,True,True,False,bearish,False,30,140,189,4,3.26,5,8,84,32,96,27,40,2.35,1.85,0.9517,True,28,0.9382,True,28,2.76,False,20,58,13,True,22,37.2,True,True,1.8,False,11,False,1,0.0,5m,5m,,3.0,0.6666666666666666,-5.188493925000089,36.22608021940476,0.5389525893378301,-1.7294979750000297,0.6749939249999999,0.7499999999999734,0.0,1.0,2.0,0.0,0.0,0.0,0.0,33.33333333333333,66.66666666666666,0.0,0.0,0.0,0.0,"[38, 111, 278]",[1.3],[100.0]
107,ML-Guided,,False,0.99,1.0,0.99,2.15,1.43,1.91,True,True,False,False,short,1.79,48.55,405,2,True,True,True,False,bearish,False,9,112,50,18,4.64,7,29,65,38,81,9,21,1.11,2.07,0.0486,True,33,0.2513,True,31,1.92,True,22,58,18,False,35,32.2,False,True,0.8,False,11,True,32,-0.29,5m,5m,,1.0,0.0,-5.5856114937499965,22.34244597499999,0.0,-5.5856114937499965,0.22673649375,0.749999999999978,0.0,1.0,0.0,0.0,0.0,0.0,0.0,100.0,0.0,0.0,0.0,0.0,0.0,"[17, 56, 288]","[2.1, 3.5, 4.9]","[33.33, 33.33, 33.33]"
108,ML-Guided,No trades or total_symbol_performance.csv not generated,False,0.99,1.0,0.81,5.62,0.67,5.52,False,True,False,False,long,0.97,43.89,112,3,True,True,True,False,bearish,False,12,64,144,9,4.94,1,29,55,45,95,30,19,4.16,2.99,0.6576,True,40,0.621,True,45,3.52,True,16,56,18,True,19,20.4,False,False,0.89,True,8,False,1,0.0,5m,5m,,,,,,,,,,,,,,,,,,,,,,,"[10, 66, 183]","[1.4, 4.4, 4.8]","[33.33, 33.33, 33.33]"
109,ML-Guided,No trades or total_symbol_performance.csv not generated,False,0.99,1.0,0.34,3.99,1.43,1.0,True,False,False,False,short,3.41,7.78,388,11,False,True,True,False,bearish,False,18,128,88,20,4.27,5,26,67,26,78,4,60,4.11,1.94,0.0722,False,36,0.6438,True,34,3.6,True,22,40,12,True,33,38.5,False,True,1.13,True,21,True,36,-0.29,5m,5m,,,,,,,,,,,,,,,,,,,,,,,"[43, 109, 288]","[0.6, 1.4]","[50.0, 50.0]"
110,ML-Guided,,False,0.99,1.0,0.7,5.36,1.49,1.0,False,False,False,False,both,4.11,11.73,385,1,False,True,True,False,bullish,False,16,121,125,17,0.96,9,29,57,19,79,12,27,4.23,1.91,0.5208,False,36,0.6438,True,31,3.55,True,13,32,17,False,35,32.2,False,False,0.89,False,11,True,22,-0.17,5m,5m,,433.0,0.6235565819861432,-527.7443302828158,2024.7133747750872,0.4976781298447972,-1.2188090768656257,61.88006769914463,0.691108545034643,0.0,32.0,266.0,135.0,19.0,0.0,0.0,7.079646017699115,58.849557522123895,29.867256637168143,4.20353982300885,0.0,0.0,"[19, 58, 172]","[1.1, 2.4]","[50.0, 50.0]"
111,ML-Guided,,False,0.99,1.0,0.11,1.08,1.46,1.0,False,False,False,False,long,2.62,26.65,694,10,True,True,True,False,bearish,False,7,108,153,5,0.15,10,18,81,40,92,7,18,4.16,1.43,0.2516,False,36,0.6438,False,11,1.73,True,20,46,6,True,34,19.5,True,True,1.28,False,11,True,18,0.19,5m,5m,,14.0,0.2142857142857142,-21.351363261576594,100.58831083315371,0.2124628406870932,-1.5250973758268995,3.1431863088744167,0.7499999999999798,0.0,14.0,0.0,0.0,7.0,0.0,0.0,66.66666666666666,0.0,0.0,33.33333333333333,0.0,0.0,"[32, 134, 272]","[3.0, 4.4]","[50.0, 50.0]"
112,ML-Guided,No trades or total_symbol_performance.csv not generated,False,0.99,1.0,0.17,5.76,0.71,3.88,True,True,False,False,long,3.78,8.18,587,1,False,True,True,False,bearish,False,25,112,62,19,4.72,3,25,83,42,92,12,41,3.96,2.66,0.8297,True,30,0.7606,False,11,1.73,True,23,53,16,True,12,33.6,True,True,0.65,False,11,True,29,-0.27,5m,5m,,,,,,,,,,,,,,,,,,,,,,,"[45, 140, 155]","[2.3, 2.6, 3.1]","[33.33, 33.33, 33.33]"
113,ML-Guided,No trades or total_symbol_performance.csv not generated,True,0.0428,0.0163,0.0,1.0,0.1,1.0,False,False,False,False,short,2.05,23.93,341,6,False,True,True,False,bearish,False,30,134,54,3,3.21,10,24,81,39,88,12,58,2.91,0.45,0.3052,True,14,0.1051,True,10,2.0,False,20,58,13,True,15,27.4,False,True,1.46,False,11,True,39,0.0,5m,5m,,,,,,,,,,,,,,,,,,,,,,,"[28, 83, 189]",[1.6],[100.0]
114,ML-Guided,No trades or total_symbol_performance.csv not generated,True,0.0417,0.0161,0.0,1.0,0.1,1.0,False,False,False,False,long,0.63,12.01,149,3,False,True,True,False,bullish,False,30,71,67,8,1.24,5,25,71,39,88,7,20,1.37,1.04,0.741,True,17,0.5647,False,11,1.73,False,20,58,13,False,35,32.2,True,False,0.89,False,11,False,1,0.0,5m,5m,,,,,,,,,,,,,,,,,,,,,,,"[34, 86, 206]",[1.6],[100.0]
115,ML-Guided,No trades or total_symbol_performance.csv not generated,False,0.99,1.0,0.87,5.28,0.56,1.0,False,False,False,False,long,2.48,21.17,529,8,False,True,True,False,bearish,False,30,44,80,16,2.33,9,9,56,33,88,27,56,3.8,0.55,0.672,True,6,0.4756,False,11,1.73,False,20,58,13,False,35,32.2,False,False,0.89,True,8,True,12,-0.01,5m,5m,,,,,,,,,,,,,,,,,,,,,,,"[12, 149, 258]",[4.2],[100.0]
116,ML-Guided,No trades or total_symbol_performance.csv not generated,True,0.0641,0.0331,0.0,1.0,0.1,1.0,False,False,False,False,both,2.77,22.36,55,8,True,True,True,False,bearish,False,30,46,204,19,1.11,3,6,77,15,83,6,38,3.7,0.52,0.8671,True,33,0.5249,True,33,2.81,True,23,54,9,False,35,32.2,True,True,0.43,True,29,False,1,0.0,5m,5m,,,,,,,,,,,,,,,,,,,,,,,"[11, 62, 273]",[3.3],[100.0]
117,ML-Guided,,False,0.99,1.0,0.81,2.84,1.42,4.19,True,True,False,False,short,1.26,47.93,700,11,True,True,True,False,bullish,False,10,74,56,16,0.99,8,19,69,16,87,8,24,4.69,2.0,0.8666,True,15,0.0359,True,39,3.83,False,20,58,13,True,19,15.6,False,False,0.89,True,10,False,1,0.0,5m,5m,,437.0,0.6178489702517163,-476.5001675043148,1906.000670017262,0.407510195444656,-1.0903893993233749,52.62485201849603,0.6161327231121255,0.0,81.0,246.0,105.0,11.0,0.0,0.0,18.284424379232505,55.53047404063205,23.702031602708804,2.4830699774266365,0.0,0.0,"[40, 144, 225]","[1.0, 1.4, 3.7]","[33.33, 33.33, 33.33]"
118,ML-Guided,,False,0.99,1.0,0.69,3.75,0.79,1.0,True,False,False,False,short,2.83,36.38,30,2,False,True,True,False,bullish,False,17,62,56,10,1.05,6,26,76,28,86,13,43,4.49,2.58,0.4366,True,25,0.2312,True,50,1.75,False,20,58,13,True,28,31.3,True,False,0.89,True,10,False,1,0.0,5m,5m,,5.0,0.2,-16.145610733208045,64.58244293283217,0.0918709806653555,-3.229122146641609,0.9041586534358976,0.7499999999999877,0.0,1.0,1.0,3.0,1.0,0.0,0.0,16.666666666666664,16.666666666666664,50.0,16.666666666666664,0.0,0.0,"[12, 98, 165]","[1.4, 4.8]","[50.0, 50.0]"
119,ML-Guided,No trades or total_symbol_performance.csv not generated,False,0.99,1.0,0.4,1.82,0.63,1.0,True,False,False,False,both,1.49,31.18,186,4,False,True,True,False,bullish,False,7,31,72,18,3.39,7,17,77,41,79,14,27,3.53,1.13,0.3033,True,21,0.1119,False,11,1.73,False,20,58,13,False,35,32.2,True,True,2.43,True,8,False,1,0.0,5m,5m,,,,,,,,,,,,,,,,,,,,,,,"[45, 119, 179]","[3.3, 3.8]","[50.0, 50.0]"
120,ML-Guided,No trades or total_symbol_performance.csv not generated,True,0.0449,0.0158,0.0,1.0,0.1,1.0,False,False,False,False,both,3.31,22.98,719,8,True,True,True,False,bearish,False,30,47,58,5,0.12,5,30,73,37,90,7,12,1.91,1.72,0.6213,False,36,0.6438,True,25,1.74,True,7,27,18,False,35,32.2,False,True,0.61,True,6,True,29,0.07,5m,5m,,,,,,,,,,,,,,,,,,,,,,,"[13, 129, 257]",[1.6],[100.0]
121,ML-Guided,No trades or total_symbol_performance.csv not generated,True,0.0626,0.0456,0.0,1.0,0.1,1.0,False,False,False,False,both,2.16,43.12,110,5,False,True,True,False,bullish,False,30,64,192,3,3.6,9,15,71,39,91,6,18,2.95,1.46,0.828,False,36,0.6438,False,11,1.73,True,8,50,14,True,35,17.0,False,True,2.11,True,16,False,1,0.0,5m,5m,,,,,,,,,,,,,,,,,,,,,,,"[26, 88, 188]",[4.6],[100.0]
122,ML-Guided,No trades or total_symbol_performance.csv not generated,True,0.049,0.0159,0.0,1.0,0.1,1.0,False,False,False,False,long,4.02,21.89,111,7,False,True,True,False,bearish,False,30,63,168,8,1.17,7,27,78,45,81,5,59,4.06,2.32,0.5854,True,7,0.0592,True,41,1.9,True,24,56,6,True,11,22.1,True,True,1.49,True,29,True,12,0.0,5m,5m,,,,,,,,,,,,,,,,,,,,,,,"[19, 143, 233]",[1.6],[100.0]
123,ML-Guided,,False,0.99,1.0,0.89,3.06,0.79,1.0,False,False,False,False,long,0.6,6.26,558,11,False,True,True,False,bearish,False,30,148,101,11,0.55,4,7,60,41,88,6,57,3.14,1.72,0.399,True,3,0.9832,True,39,2.7,False,20,58,13,False,35,32.2,True,False,0.89,True,5,False,1,0.0,5m,5m,,69.0,0.3188405797101449,-80.38634246553787,243.7712557408562,0.6408611177890059,-1.165019456022288,15.50685150640426,0.7499999999999979,0.0,22.0,17.0,30.0,18.0,0.0,0.0,25.287356321839084,19.54022988505747,34.48275862068966,20.689655172413797,0.0,0.0,"[25, 54, 251]",[3.4],[100.0]
124,ML-Guided,,False,0.99,1.0,0.6,1.72,0.11,1.0,True,False,False,False,short,3.18,29.83,143,6,True,True,True,False,bullish,False,23,102,77,11,1.95,3,26,82,42,94,12,59,3.03,0.8,0.6128,False,36,0.6438,True,47,2.31,False,20,58,13,False,35,32.2,False,False,0.89,True,8,True,17,0.15,5m,5m,,128.0,0.59375,-152.32236238306794,594.5760271377778,0.2593204041738047,-1.1900184561177185,19.572601048772285,0.615234374999979,0.0,51.0,72.0,2.0,6.0,0.0,0.0,38.93129770992366,54.96183206106871,1.5267175572519085,4.580152671755725,0.0,0.0,"[18, 140, 261]","[0.5, 0.8]","[50.0, 50.0]"
125,ML-Guided,No trades or total_symbol_performance.csv not generated,True,0.0693,0.0373,0.0,1.0,0.1,1.0,False,False,False,False,short,1.57,37.35,71,2,True,True,True,False,bearish,False,7,138,50,3,1.06,3,24,68,42,87,5,10,4.86,1.91,0.8493,True,10,0.2076,False,11,1.73,False,20,58,13,True,27,35.0,True,True,1.16,True,5,True,30,0.12,5m,5m,,,,,,,,,,,,,,,,,,,,,,,"[37, 111, 209]",[3.7],[100.0]
126,ML-Guided,,False,0.99,1.0,0.25,5.37,0.78,1.0,False,False,False,False,long,3.65,6.59,138,12,False,True,True,False,bearish,False,5,58,77,20,0.14,3,25,67,16,79,8,42,4.41,1.61,0.8973,False,36,0.6438,True,30,1.59,False,20,58,13,False,35,32.2,True,True,1.49,True,23,True,38,-0.07,5m,5m,,16.0,0.3125,-12.517123034500235,75.53998806823758,0.6196571081093696,-0.7823201896562647,3.593215758274302,0.7499999999999999,0.0,0.0,4.0,12.0,0.0,0.0,0.0,0.0,25.0,75.0,0.0,0.0,0.0,"[15, 106, 210]",[2.0],[100.0]
127,ML-Guided,,False,0.99,1.0,0.7,2.08,1.32,1.0,True,False,False,False,both,3.9,23.74,133,4,False,True,True,False,bearish,False,30,86,185,8,0.97,3,9,74,36,98,26,13,2.83,1.96,0.8021,False,36,0.6438,True,25,2.18,False,20,58,13,False,35,32.2,True,True,0.94,False,11,False,1,0.0,5m,5m,,91.0,0.3076923076923077,-112.30509669218074,441.0132710390583,0.5556494668488952,-1.234121941672316,20.44719222951776,0.7499999999999972,0.0,46.0,24.0,21.0,32.0,0.0,0.0,37.39837398373984,19.51219512195122,17.073170731707318,26.01626016260163,0.0,0.0,"[38, 72, 281]",[2.3],[100.0]
128,ML-Guided,,False,0.99,1.0,0.72,1.51,0.72,3.74,False,True,False,False,both,1.73,18.24,84,11,False,True,True,False,bullish,False,25,73,123,17,1.2,3,18,56,17,88,8,27,3.03,1.36,0.9914,True,8,0.6509,False,11,1.73,False,20,58,13,True,37,17.7,True,False,0.89,True,14,True,12,-0.06,5m,5m,,156.0,0.4102564102564102,-255.9207421711488,1041.072227267929,0.2193261927159221,-1.6405175780201846,25.45243573789496,0.6538461538461535,0.0,91.0,56.0,0.0,17.0,0.0,0.0,55.487804878048784,34.14634146341464,0.0,10.365853658536585,0.0,0.0,"[36, 72, 295]","[0.7, 2.4, 2.4]","[33.33, 33.33, 33.33]"
129,ML-Guided,No trades or total_symbol_performance.csv not generated,True,0.0501,0.0647,0.0,1.0,0.1,1.0,False,False,False,False,both,3.21,23.49,30,3,False,True,True,False,bullish,False,29,115,241,8,4.22,6,6,75,23,94,8,45,2.56,1.25,0.8909,False,36,0.6438,True,30,1.73,True,18,53,9,True,21,35.5,False,True,1.17,False,11,True,15,-0.25,5m,5m,,,,,,,,,,,,,,,,,,,,,,,"[22, 123, 167]",[6.5],[100.0]
130,ML-Guided,No trades or total_symbol_performance.csv not generated,False,0.99,1.0,0.78,0.3,0.39,1.0,True,False,False,False,short,2.2,5.14,90,4,False,True,True,False,bearish,False,30,84,246,16,3.74,1,20,59,39,82,14,32,4.71,0.56,0.7931,False,36,0.6438,False,11,1.73,False,20,58,13,False,35,32.2,False,True,1.41,False,11,True,17,-0.17,5m,5m,,,,,,,,,,,,,,,,,,,,,,,"[47, 106, 176]",[1.1],[100.0]
131,ML-Guided,No trades or total_symbol_performance.csv not generated,True,0.0678,0.0185,0.0,1.0,0.1,1.0,False,False,False,False,short,1.17,31.2,35,12,True,True,True,False,bullish,False,13,33,249,11,4.4,4,18,73,41,81,19,38,2.3,1.55,0.6729,True,20,0.9217,False,11,1.73,False,20,58,13,True,23,17.9,False,False,0.89,False,11,True,9,-0.2,5m,5m,,,,,,,,,,,,,,,,,,,,,,,"[23, 111, 236]",[1.8],[100.0]
132,ML-Guided,No trades or total_symbol_performance.csv not generated,True,0.0424,0.0496,0.0,1.0,0.1,1.0,False,False,False,False,short,3.79,16.65,32,8,True,True,True,False,bullish,False,30,69,94,7,0.11,9,9,74,34,91,4,52,4.08,2.07,0.0828,True,4,0.9135,True,36,1.95,True,24,30,7,False,35,32.2,True,True,1.61,False,11,True,20,0.13,5m,5m,,,,,,,,,,,,,,,,,,,,,,,"[41, 93, 173]",[5.0],[100.0]
133,ML-Guided,No trades or total_symbol_performance.csv not generated,True,0.0253,0.0415,0.0,1.0,0.1,1.0,False,False,False,False,short,2.45,11.87,90,8,False,True,True,False,bearish,False,25,128,94,4,0.72,3,14,56,24,90,14,56,1.46,0.46,0.7609,False,36,0.6438,True,28,3.5,True,7,54,14,True,34,25.5,True,True,1.69,True,5,True,21,-0.16,5m,5m,,,,,,,,,,,,,,,,,,,,,,,"[12, 139, 183]",[4.2],[100.0]
134,ML-Guided,No trades or total_symbol_performance.csv not generated,False,0.99,1.0,0.98,4.79,0.08,1.0,True,False,False,False,both,4.19,49.46,229,5,False,True,True,False,bullish,False,14,34,56,5,3.06,3,25,63,28,88,16,23,2.03,0.5,0.6512,False,36,0.6438,False,11,1.73,False,20,58,13,False,35,32.2,True,True,1.27,True,19,False,1,0.0,5m,5m,,,,,,,,,,,,,,,,,,,,,,,"[12, 53, 168]","[1.4, 4.3]","[50.0, 50.0]"
135,ML-Guided,,False,0.99,1.0,0.18,3.41,0.81,1.0,True,False,False,False,both,1.79,49.9,79,4,False,True,True,False,bearish,False,16,102,70,17,3.04,3,25,72,21,95,6,56,1.65,0.93,0.5808,True,22,0.5671,False,11,1.73,True,10,34,15,True,14,19.8,True,True,2.42,True,14,False,1,0.0,5m,5m,,8.0,0.125,-48.05658219185633,192.2263287674253,0.1938283197649802,-6.007072773982041,1.784577597932734,0.7499999999999715,0.0,6.0,1.0,1.0,2.0,0.0,0.0,60.0,10.0,10.0,20.0,0.0,0.0,"[49, 106, 196]",[4.7],[100.0]
136,ML-Guided,No trades or total_symbol_performance.csv not generated,True,0.0271,0.048,0.0,1.0,0.1,1.0,False,False,False,False,short,2.27,29.91,234,5,True,True,True,False,bearish,False,30,95,98,10,0.99,1,30,76,29,98,18,56,4.36,0.78,0.7185,False,36,0.6438,True,39,2.89,True,19,30,7,False,35,32.2,True,True,2.48,False,11,True,26,0.26,5m,5m,,,,,,,,,,,,,,,,,,,,,,,"[17, 94, 277]",[4.8],[100.0]
137,ML-Guided,No trades or total_symbol_performance.csv not generated,True,0.026,0.0298,0.0,1.0,0.1,1.0,False,False,False,False,long,4.14,45.08,209,12,False,True,True,False,bullish,False,30,47,205,8,4.73,4,6,70,35,97,22,41,1.35,1.65,0.9817,False,36,0.6438,True,12,3.8,False,20,58,13,False,35,32.2,True,True,1.47,False,11,True,11,0.12,5m,5m,,,,,,,,,,,,,,,,,,,,,,,"[40, 106, 163]",[3.0],[100.0]
138,ML-Guided,,False,0.99,1.0,0.64,3.33,0.36,4.63,False,True,False,False,both,1.51,33.07,30,8,False,True,True,False,bullish,False,30,109,99,8,3.71,2,14,60,44,96,26,13,3.59,2.74,0.7297,True,31,0.8066,True,11,2.28,False,20,58,13,True,23,27.6,False,True,1.68,False,11,False,1,0.0,5m,5m,,1.0,0.0,-5.840233747794975,23.360934991179903,0.0,-5.840233747794975,0.2231473111034888,0.7499999999999695,0.0,1.0,0.0,0.0,1.0,0.0,0.0,50.0,0.0,0.0,50.0,0.0,0.0,"[20, 82, 230]","[1.5, 3.1, 3.7]","[33.33, 33.33, 33.33]"
139,ML-Guided,,False,0.99,1.0,0.58,5.35,0.18,1.0,True,False,False,False,both,1.72,24.92,105,10,False,True,True,False,bearish,False,30,64,118,20,3.65,2,28,63,21,94,10,41,2.86,2.7,0.8547,False,36,0.6438,True,34,2.38,False,20,58,13,True,36,34.7,False,False,0.89,True,28,True,12,-0.14,5m,5m,,2.0,0.0,-25.134172767192048,100.5366910687682,0.0,-12.567086383596024,0.4597534886753325,0.7500000000000029,0.0,1.0,0.0,0.0,1.0,0.0,0.0,50.0,0.0,0.0,50.0,0.0,0.0,"[13, 51, 201]",[1.9],[100.0]
140,ML-Guided,No trades or total_symbol_performance.csv not generated,True,0.0623,0.0545,0.0,1.0,0.1,1.0,False,False,False,False,short,2.41,10.54,209,12,True,True,True,False,bearish,False,30,62,166,14,2.2,8,13,62,30,75,16,36,4.98,0.51,0.8189,False,36,0.6438,False,11,1.73,True,23,45,11,True,36,37.4,True,True,2.43,False,11,True,38,0.11,5m,5m,,,,,,,,,,,,,,,,,,,,,,,"[45, 120, 223]",[5.5],[100.0]
141,ML-Guided,No trades or total_symbol_performance.csv not generated,True,0.0216,0.0156,0.0,1.0,0.1,1.0,False,False,False,False,long,2.97,35.33,599,2,True,True,True,False,bullish,False,30,67,239,16,0.41,10,10,55,15,89,1,41,4.97,0.94,0.9459,True,21,0.3867,True,38,3.33,False,20,58,13,True,26,24.7,False,True,1.36,False,11,True,20,-0.22,5m,5m,,,,,,,,,,,,,,,,,,,,,,,"[17, 133, 249]",[1.6],[100.0]
142,ML-Guided,No trades or total_symbol_performance.csv not generated,False,0.99,1.0,0.78,2.57,0.28,5.61,False,True,False,False,long,3.84,48.6,77,9,False,True,True,False,bearish,False,28,132,80,4,4.08,2,13,67,40,94,2,16,3.68,1.27,0.0954,False,36,0.6438,False,11,1.73,False,20,58,13,True,14,28.7,True,True,0.38,True,19,True,6,-0.21,5m,5m,,,,,,,,,,,,,,,,,,,,,,,"[27, 133, 179]","[0.6, 0.9, 2.6]","[33.33, 33.33, 33.33]"
143,ML-Guided,,False,0.99,1.0,0.67,1.73,1.29,1.0,False,False,False,False,short,0.52,45.91,351,10,False,True,True,False,bearish,False,22,90,79,13,2.08,4,23,68,45,79,17,34,4.71,0.85,0.5822,False,36,0.6438,True,30,2.88,False,20,58,13,False,35,32.2,True,False,0.89,False,11,True,38,-0.1,5m,5m,,2.0,1.0,1.2718479750000138,0.0,1000.0,0.6359239875000069,0.223652025,0.3750000000000025,0.0,0.0,2.0,0.0,0.0,0.0,0.0,0.0,100.0,0.0,0.0,0.0,0.0,"[25, 119, 227]","[0.6, 0.6]","[50.0, 50.0]"
144,ML-Guided,,False,0.99,1.0,0.97,1.51,1.17,1.0,False,False,False,False,short,3.19,30.48,532,4,True,True,True,False,bullish,False,4,106,102,8,1.06,1,16,66,39,94,22,20,1.04,1.39,0.7429,True,3,0.8635,False,11,1.73,False,20,58,13,True,26,19.9,False,True,1.35,False,11,True,20,-0.09,5m,5m,,287.0,0.4041811846689895,-363.6487671965327,1458.0690377047133,0.4012053098620545,-1.2670688752492427,52.218726937446526,0.6689895470383062,0.0,130.0,97.0,60.0,39.0,0.0,0.0,39.87730061349693,29.754601226993863,18.404907975460123,11.96319018404908,0.0,0.0,"[50, 148, 239]","[1.8, 2.3]","[50.0, 50.0]"
145,ML-Guided,No trades or total_symbol_performance.csv not generated,True,0.0325,0.0463,0.0,1.0,0.1,1.0,False,False,False,False,long,4.12,30.06,624,12,True,True,True,False,bullish,False,29,97,154,5,3.27,6,14,69,43,98,19,42,1.67,1.63,0.8201,True,3,0.4689,True,30,2.38,True,11,29,6,True,14,35.9,True,True,1.32,False,11,True,5,-0.08,5m,5m,,,,,,,,,,,,,,,,,,,,,,,"[33, 52, 261]",[4.6],[100.0]
146,ML-Guided,,False,0.99,1.0,0.59,3.86,0.61,3.81,True,True,False,False,long,1.72,20.08,621,5,True,True,True,False,bearish,False,30,140,242,12,1.26,3,19,74,32,81,24,25,0.98,2.84,0.704,True,33,0.6234,True,50,2.67,False,20,58,13,False,35,32.2,False,False,0.89,False,11,True,40,0.29,5m,5m,,510.0,0.6529411764705882,-334.3351576050242,1324.4530688028256,0.691694936376796,-0.655559132558871,64.80973915162394,0.6955882352941039,0.0,88.0,271.0,149.0,55.0,0.0,0.0,15.630550621669627,48.13499111900533,26.465364120781526,9.769094138543515,0.0,0.0,"[44, 146, 193]","[1.3, 3.3, 4.4]","[33.33, 33.33, 33.33]"
147,ML-Guided,,False,0.99,1.0,0.6,2.12,1.09,5.78,False,True,False,False,short,0.67,32.87,359,11,False,True,True,False,bullish,False,26,56,149,11,1.28,8,25,80,42,98,21,12,3.12,1.15,0.2142,True,16,0.8166,False,11,1.73,False,20,58,13,True,16,33.0,True,True,0.41,True,13,True,9,-0.17,5m,5m,,1.0,0.0,-5.539182844999984,22.15673137999994,0.0,-5.539182844999984,0.2232828449999999,0.7499999999999577,0.0,1.0,0.0,0.0,0.0,0.0,0.0,100.0,0.0,0.0,0.0,0.0,0.0,"[30, 144, 155]","[1.8, 2.4, 4.8]","[33.33, 33.33, 33.33]"
148,ML-Guided,No trades or total_symbol_performance.csv not generated,True,0.0425,0.0338,0.0,1.0,0.1,1.0,False,False,False,False,both,0.57,25.79,609,1,False,True,True,False,bullish,False,21,83,112,8,0.19,3,22,84,25,85,11,22,4.12,0.73,0.5424,True,7,0.7746,False,11,1.73,True,14,45,16,False,35,32.2,False,True,2.37,True,29,False,1,0.0,5m,5m,,,,,,,,,,,,,,,,,,,,,,,"[18, 149, 201]",[3.4],[100.0]
149,ML-Guided,No trades or total_symbol_performance.csv not generated,False,0.99,1.0,0.87,4.24,1.3,1.0,False,False,False,False,long,1.31,26.04,687,11,True,True,True,False,bullish,False,29,99,68,11,4.92,5,14,83,27,91,7,22,2.47,1.65,0.5714,True,27,0.8207,True,28,2.18,False,20,58,13,False,35,32.2,True,True,1.51,True,29,True,38,-0.28,5m,5m,,,,,,,,,,,,,,,,,,,,,,,"[24, 95, 185]",[2.5],[100.0]
150,ML-Guided,No trades or total_symbol_performance.csv not generated,True,0.0651,0.0396,0.0,1.0,0.1,1.0,False,False,False,False,short,0.57,33.54,137,5,False,True,True,False,bullish,False,17,83,116,9,3.35,10,6,83,45,94,18,25,4.35,1.21,0.6201,True,19,0.1043,False,11,1.73,False,20,58,13,False,35,32.2,False,True,1.1,True,20,True,24,-0.01,5m,5m,,,,,,,,,,,,,,,,,,,,,,,"[26, 78, 269]",[4.0],[100.0]
151,ML-Guided,,False,0.99,1.0,0.58,5.33,0.58,1.0,True,False,False,False,long,0.61,28.9,528,4,False,True,True,False,bearish,False,3,143,152,9,4.68,1,8,74,21,83,15,10,4.54,1.28,0.3855,True,6,0.752,False,11,1.73,False,20,58,13,False,35,32.2,True,False,0.89,True,24,True,29,0.22,5m,5m,,11.0,0.9090909090909092,-7.156088386249993,43.09839241997887,0.4705205639165031,-0.6505534896590903,1.3485633862500002,0.4090909090909065,0.0,1.0,10.0,0.0,0.0,0.0,0.0,9.090909090909092,90.9090909090909,0.0,0.0,0.0,0.0,"[10, 57, 256]","[0.6, 0.6]","[50.0, 50.0]"
152,ML-Guided,No trades or total_symbol_performance.csv not generated,True,0.0207,0.044,0.0,1.0,0.1,1.0,False,False,False,False,long,1.11,48.15,521,12,True,True,True,False,bearish,False,17,87,246,10,0.02,8,25,60,44,93,25,57,2.06,1.02,0.7579,True,3,0.968,False,11,1.73,True,7,39,15,False,35,32.2,False,False,0.89,False,11,True,39,-0.15,5m,5m,,,,,,,,,,,,,,,,,,,,,,,"[39, 102, 175]",[4.4],[100.0]
153,ML-Guided,,False,0.99,1.0,0.97,4.44,1.32,1.0,False,False,False,False,long,0.58,42.69,505,9,False,True,True,False,bearish,False,9,102,138,16,2.69,10,26,69,19,97,9,58,4.46,1.09,0.9862,True,32,0.5562,False,11,1.73,True,17,46,16,False,35,32.2,False,False,0.89,False,11,False,1,0.0,5m,5m,,218.0,0.555045871559633,-247.19097874741328,681.555343814591,0.6119251705412677,-1.1339035722358408,31.727592014639026,0.712155963302745,0.0,49.0,111.0,54.0,29.0,0.0,0.0,20.16460905349794,45.67901234567901,22.22222222222222,11.934156378600823,0.0,0.0,"[24, 67, 176]","[1.7, 4.2]","[50.0, 50.0]"
154,ML-Guided,No trades or total_symbol_performance.csv not generated,True,0.0527,0.0375,0.0,1.0,0.1,1.0,False,False,False,False,long,0.6,14.74,710,4,False,True,True,False,bearish,False,29,76,139,11,4.64,5,23,77,31,97,23,39,4.52,0.87,0.8299,True,4,0.6685,False,11,1.73,True,18,47,16,False,35,32.2,True,True,1.66,False,11,False,1,0.0,5m,5m,,,,,,,,,,,,,,,,,,,,,,,"[20, 54, 160]",[3.8],[100.0]
155,ML-Guided,No trades or total_symbol_performance.csv not generated,True,0.0302,0.0165,0.0,1.0,0.1,1.0,False,False,False,False,both,0.6,33.42,651,10,True,True,True,False,bearish,False,22,54,73,16,1.5,10,6,55,31,85,9,57,1.36,0.94,0.8364,True,27,0.8342,True,46,2.05,False,20,58,13,False,35,32.2,True,True,2.02,False,11,True,37,0.05,5m,5m,,,,,,,,,,,,,,,,,,,,,,,"[22, 132, 184]",[1.7],[100.0]
156,ML-Guided,No trades or total_symbol_performance.csv not generated,True,0.0697,0.0286,0.0,1.0,0.1,1.0,False,False,False,False,long,0.88,25.01,107,5,False,True,True,False,bullish,False,11,100,155,3,2.66,4,7,55,45,78,27,17,4.95,2.47,0.0429,True,2,0.1255,False,11,1.73,True,18,40,14,False,35,32.2,True,True,0.49,True,10,True,33,-0.17,5m,5m,,,,,,,,,,,,,,,,,,,,,,,"[28, 139, 280]",[2.9],[100.0]
157,ML-Guided,,False,0.99,1.0,0.37,1.66,0.87,3.83,False,True,False,False,short,0.73,9.47,649,3,False,True,True,False,bullish,False,14,60,218,3,3.82,8,23,83,20,90,17,56,4.79,1.37,0.1538,True,30,0.7385,True,40,3.63,True,9,33,13,True,40,18.6,False,False,0.89,True,17,True,32,0.16,5m,5m,,9.0,0.2222222222222222,-26.58622435749988,122.54487312999936,0.1321962746072163,-2.9540249286110973,2.0237743575,0.7499999999999857,0.0,4.0,0.0,0.0,0.0,0.0,0.0,100.0,0.0,0.0,0.0,0.0,0.0,"[34, 75, 293]","[0.9, 1.5, 4.3]","[33.33, 33.33, 33.33]"
158,ML-Guided,No trades or total_symbol_performance.csv not generated,True,0.0247,0.0277,0.0,1.0,0.1,1.0,False,False,False,False,long,0.53,42.72,468,1,False,True,True,False,bullish,False,6,100,138,16,1.16,4,15,62,44,78,4,45,1.39,1.06,0.5975,True,40,0.819,True,19,3.12,False,20,58,13,True,14,31.4,True,False,0.89,False,11,False,1,0.0,5m,5m,,,,,,,,,,,,,,,,,,,,,,,"[23, 95, 215]",[2.8],[100.0]
159,ML-Guided,,False,0.99,1.0,0.26,4.08,1.13,1.0,True,False,False,False,both,4.04,39.17,328,1,False,True,True,False,bullish,False,10,142,211,12,2.66,2,29,60,45,85,13,14,4.71,1.24,0.2268,True,27,0.3693,False,11,1.73,False,20,58,13,True,13,29.7,True,True,0.97,False,11,True,29,-0.29,5m,5m,,3.0,0.6666666666666666,4.888205401610849,25.931240618556615,1.7540256902499,1.6294018005369495,0.4462494952963917,0.5000000000000001,0.0,1.0,2.0,0.0,1.0,0.0,0.0,25.0,50.0,0.0,25.0,0.0,0.0,"[18, 123, 286]","[4.5, 4.8]","[50.0, 50.0]"
160,ML-Guided,No trades or total_symbol_performance.csv not generated,True,0.017,0.0699,0.0,1.0,0.1,1.0,False,False,False,False,both,2.56,27.19,559,6,False,True,True,False,bearish,False,30,135,195,19,4.42,6,5,67,16,80,6,52,4.98,1.8,0.2291,False,36,0.6438,True,24,3.7,True,20,29,16,True,9,22.1,True,True,0.4,True,16,True,40,-0.05,5m,5m,,,,,,,,,,,,,,,,,,,,,,,"[49, 101, 169]",[7.0],[100.0]
161,ML-Guided,No trades or total_symbol_performance.csv not generated,False,0.99,1.0,0.31,0.72,0.05,1.0,True,False,False,False,long,0.55,14.75,567,3,True,True,True,False,bearish,False,12,34,81,14,4.0,3,21,80,45,97,5,12,1.32,0.97,0.6802,True,15,0.6958,False,11,1.73,False,20,58,13,True,39,19.7,True,True,1.02,True,25,True,27,-0.13,5m,5m,,,,,,,,,,,,,,,,,,,,,,,"[17, 124, 188]","[1.9, 3.6]","[50.0, 50.0]"
162,ML-Guided,No trades or total_symbol_performance.csv not generated,True,0.0561,0.051,0.0,1.0,0.1,1.0,False,False,False,False,both,0.57,38.99,474,7,False,True,True,False,bullish,False,16,109,76,13,4.27,7,13,63,37,89,7,40,4.05,1.52,0.9749,True,9,0.8221,True,27,1.77,False,20,58,13,False,35,32.2,True,False,0.89,True,18,True,30,-0.07,5m,5m,,,,,,,,,,,,,,,,,,,,,,,"[24, 102, 248]",[5.1],[100.0]
163,ML-Guided,No trades or total_symbol_performance.csv not generated,False,0.99,1.0,0.89,4.23,1.04,1.0,False,False,False,False,short,1.12,14.55,560,12,False,True,True,False,bullish,False,29,43,176,5,2.55,6,10,67,34,75,22,30,4.86,0.97,0.7557,True,37,0.4205,False,11,1.73,False,20,58,13,True,37,19.3,False,True,1.26,True,21,True,29,-0.04,5m,5m,,,,,,,,,,,,,,,,,,,,,,,"[31, 52, 196]",[3.2],[100.0]
164,ML-Guided,No trades or total_symbol_performance.csv not generated,True,0.0543,0.0324,0.0,1.0,0.1,1.0,False,False,False,False,long,3.48,8.68,178,4,True,True,True,False,bullish,False,10,96,69,19,2.87,7,21,55,36,78,11,31,4.73,0.84,0.9155,False,36,0.6438,True,45,1.83,False,20,58,13,True,13,20.7,True,False,0.89,False,11,True,26,0.03,5m,5m,,,,,,,,,,,,,,,,,,,,,,,"[29, 65, 227]",[3.2],[100.0]
165,ML-Guided,,False,0.99,1.0,0.19,0.52,0.58,1.64,True,True,False,False,long,0.6,49.95,145,8,True,True,True,False,bullish,False,28,81,224,20,1.45,3,6,65,45,81,26,42,3.84,2.65,0.0819,True,27,0.5739,True,27,3.36,True,13,38,5,False,35,32.2,False,True,1.95,True,7,True,13,0.25,5m,5m,,18.0,0.0,-25.76105570754304,103.04422283017216,0.0,-1.4311697615301686,4.052381096424996,0.7499999999999747,0.0,17.0,0.0,1.0,2.0,0.0,0.0,85.0,0.0,5.0,10.0,0.0,0.0,"[38, 92, 241]","[1.0, 3.3, 4.6]","[33.33, 33.33, 33.33]"
166,ML-Guided,,False,0.99,1.0,0.11,2.51,0.86,5.68,False,True,False,False,short,3.2,15.97,719,12,True,True,True,False,bullish,False,18,115,195,14,0.01,10,5,68,45,95,18,40,1.44,1.2,0.5901,False,36,0.6438,True,35,3.18,True,7,29,7,False,35,32.2,False,False,0.89,True,10,True,38,-0.2,5m,5m,,501.0,0.6027944111776448,-412.003161878674,1627.1922158655866,0.4766011826510167,-0.8223616005562355,65.69549822215717,0.7230538922155598,0.0,112.0,229.0,159.0,85.0,0.0,0.0,19.14529914529915,39.14529914529915,27.17948717948718,14.529914529914532,0.0,0.0,"[26, 103, 208]","[0.5, 2.6, 4.6]","[33.33, 33.33, 33.33]"
167,ML-Guided,No trades or total_symbol_performance.csv not generated,True,0.0626,0.0453,0.0,1.0,0.1,1.0,False,False,False,False,both,3.91,42.93,109,4,True,True,True,False,bullish,False,7,110,211,17,1.52,4,9,83,44,88,20,60,0.93,0.92,0.9757,True,9,0.9623,False,11,1.73,False,20,58,13,False,35,32.2,False,True,0.85,False,11,True,38,-0.04,5m,5m,,,,,,,,,,,,,,,,,,,,,,,"[20, 105, 178]",[4.5],[100.0]
168,ML-Guided,No trades or total_symbol_performance.csv not generated,True,0.0651,0.0282,0.0,1.0,0.1,1.0,False,False,False,False,long,0.58,27.18,345,7,True,True,True,False,bullish,False,15,77,166,15,4.71,3,24,71,45,90,19,30,4.81,2.72,0.2363,False,36,0.6438,True,24,2.04,True,16,33,18,False,35,32.2,True,True,2.14,False,11,False,1,0.0,5m,5m,,,,,,,,,,,,,,,,,,,,,,,"[35, 138, 233]",[2.8],[100.0]
169,ML-Guided,,False,0.99,1.0,0.56,4.35,0.5,1.0,True,False,False,False,both,1.3,38.68,392,2,True,True,True,False,bullish,False,7,143,57,4,3.82,4,25,82,15,89,3,15,3.15,0.78,0.0175,False,36,0.6438,False,11,1.73,False,20,58,13,True,40,35.0,True,True,2.5,True,23,True,39,0.18,5m,5m,,1.0,0.0,-0.7000143429593609,2.80005737183744,0.0,-0.7000143429593609,0.2245389639205674,0.7500000000000161,0.0,1.0,0.0,0.0,0.0,0.0,0.0,100.0,0.0,0.0,0.0,0.0,0.0,"[27, 129, 248]",[1.3],[100.0]
170,ML-Guided,,False,0.99,1.0,0.42,0.39,1.43,5.83,True,True,False,False,both,4.13,44.22,299,12,True,True,True,False,bearish,False,28,84,189,20,3.77,5,25,75,29,96,13,38,4.85,2.47,0.2797,False,36,0.6438,False,11,1.73,True,16,56,11,False,35,32.2,True,False,0.89,True,23,True,38,0.2,5m,5m,,1.0,0.0,-1.1968374337499956,4.787349734999978,0.0,-1.1968374337499956,0.22476243375,0.7499999999999982,0.0,1.0,0.0,0.0,0.0,0.0,0.0,100.0,0.0,0.0,0.0,0.0,0.0,"[17, 88, 215]","[1.7, 1.7, 2.9]","[33.33, 33.33, 33.33]"
171,ML-Guided,No trades or total_symbol_performance.csv not generated,True,0.0537,0.0684,0.0,1.0,0.1,1.0,False,False,False,False,long,1.67,26.07,333,11,True,True,True,False,bullish,False,3,142,231,9,1.87,3,22,80,45,85,25,20,3.25,2.37,0.8525,False,36,0.6438,False,11,1.73,True,8,45,11,False,35,32.2,False,True,1.61,False,11,True,38,-0.1,5m,5m,,,,,,,,,,,,,,,,,,,,,,,"[21, 92, 252]",[6.8],[100.0]
172,ML-Guided,,False,0.99,1.0,0.19,2.47,0.5,1.0,True,False,False,False,short,3.18,48.72,158,2,True,True,True,False,bullish,False,8,115,249,20,4.17,4,15,81,38,94,18,27,2.05,0.65,0.0266,False,36,0.6438,True,31,2.32,False,20,58,13,False,35,32.2,True,True,1.79,False,11,True,40,0.21,5m,5m,,30.0,0.5333333333333333,-12.51329673444039,72.09559485928332,0.7855386323527591,-0.417109891148013,4.93335464192343,0.5749999999999954,0.0,14.0,15.0,1.0,12.0,0.0,0.0,33.33333333333333,35.714285714285715,2.380952380952381,28.57142857142857,0.0,0.0,"[19, 111, 177]","[2.3, 2.8]","[50.0, 50.0]"
173,ML-Guided,No trades or total_symbol_performance.csv not generated,True,0.0625,0.0397,0.0,1.0,0.1,1.0,False,False,False,False,short,3.2,37.69,143,9,False,True,True,False,bullish,False,16,37,226,3,0.46,4,23,68,36,97,27,60,3.32,2.52,0.8326,True,19,0.8469,True,18,3.36,False,20,58,13,True,21,30.4,True,False,0.89,True,14,True,40,-0.08,5m,5m,,,,,,,,,,,,,,,,,,,,,,,"[18, 83, 154]",[4.0],[100.0]
174,ML-Guided,,False,0.99,1.0,0.87,1.6,0.68,1.0,False,False,False,False,long,0.54,13.15,425,2,False,True,True,False,bullish,False,8,33,215,20,1.24,6,13,83,16,97,3,53,3.63,0.46,0.8241,False,36,0.6438,True,45,3.86,True,24,37,12,True,40,31.9,False,True,1.9,False,11,True,40,0.08,5m,5m,,87.0,0.4137931034482758,-71.1406947696884,211.1263065978104,0.5882802708667805,-0.8177091352837746,16.444203003308537,0.7241379310344541,0.0,67.0,19.0,1.0,30.0,0.0,0.0,57.26495726495726,16.23931623931624,0.8547008547008548,25.64102564102564,0.0,0.0,"[29, 56, 209]","[2.4, 4.7]","[50.0, 50.0]"
175,ML-Guided,No trades or total_symbol_performance.csv not generated,True,0.0679,0.0235,0.0,1.0,0.1,1.0,False,False,False,False,short,0.82,15.37,66,12,True,True,True,False,bearish,False,9,68,93,11,1.93,1,10,70,34,85,3,14,1.93,0.74,0.1746,True,38,0.8182,False,11,1.73,True,8,38,9,False,35,32.2,True,False,0.89,False,11,True,40,0.12,5m,5m,,,,,,,,,,,,,,,,,,,,,,,"[43, 62, 252]",[2.4],[100.0]
176,ML-Guided,No trades or total_symbol_performance.csv not generated,True,0.0478,0.0601,0.0,1.0,0.1,1.0,False,False,False,False,short,0.96,11.61,707,11,False,True,True,False,bearish,False,18,110,228,17,3.25,2,6,79,45,92,15,44,4.78,0.76,0.7255,True,11,0.1651,False,11,1.73,False,20,58,13,False,35,32.2,True,True,0.96,False,11,False,1,0.0,5m,5m,,,,,,,,,,,,,,,,,,,,,,,"[26, 87, 175]",[6.0],[100.0]
177,ML-Guided,,False,0.99,1.0,0.79,2.74,1.14,1.0,True,False,False,False,both,0.56,28.17,661,5,False,True,True,False,bearish,False,4,78,174,7,3.54,6,8,66,15,89,1,32,4.03,0.41,0.7324,False,36,0.6438,True,26,3.52,False,20,58,13,False,35,32.2,False,False,0.89,False,11,False,1,0.0,5m,5m,,133.0,0.6090225563909775,-31.921208518217306,195.0825425696228,0.8377307757754374,-0.2400090866031376,18.87817845329708,0.6428571428571376,0.0,46.0,73.0,9.0,21.0,0.0,0.0,30.87248322147651,48.99328859060403,6.04026845637584,14.093959731543624,0.0,0.0,"[45, 67, 263]","[0.5, 2.4]","[50.0, 50.0]"
178,ML-Guided,No trades or total_symbol_performance.csv not generated,True,0.0373,0.0326,0.0,1.0,0.1,1.0,False,False,False,False,long,0.52,46.56,119,4,False,True,True,False,bearish,False,28,119,228,11,0.52,1,23,57,39,98,2,60,1.42,2.0,0.4251,False,36,0.6438,False,11,1.73,False,20,58,13,True,39,34.7,False,True,2.41,False,11,False,1,0.0,5m,5m,,,,,,,,,,,,,,,,,,,,,,,"[37, 137, 292]",[3.3],[100.0]
179,ML-Guided,,False,0.99,1.0,0.62,3.38,1.01,1.0,False,False,False,False,both,0.58,35.09,409,4,True,True,True,False,bearish,False,25,102,164,9,0.88,9,8,64,34,98,17,44,4.36,1.23,0.4741,True,7,0.0454,True,33,2.84,False,20,58,13,False,35,32.2,False,False,0.89,True,24,False,1,0.0,5m,5m,,58.0,0.4482758620689655,-0.6694442931325694,177.1098678022003,0.996595029767788,-0.0115421429850443,13.08476588319646,0.7499999999999862,0.0,12.0,18.0,28.0,7.0,0.0,0.0,18.461538461538463,27.692307692307693,43.07692307692308,10.76923076923077,0.0,0.0,"[39, 141, 244]",[4.0],[100.0]
180,ML-Guided,,False,0.99,1.0,0.53,5.15,1.46,3.28,False,True,False,False,short,2.35,14.02,545,11,True,True,True,False,bullish,False,25,147,85,7,2.17,6,11,60,29,95,22,10,4.85,1.76,0.5529,True,39,0.0685,False,11,1.73,False,20,58,13,False,35,32.2,True,True,0.63,True,26,False,1,0.0,5m,5m,,5.0,0.6,-10.180219681569898,55.87945996364234,0.2712728656867048,-2.0360439363139795,0.6772513357556164,0.5999999999999903,0.0,0.0,2.0,3.0,0.0,0.0,0.0,0.0,40.0,60.0,0.0,0.0,0.0,"[34, 114, 166]","[2.0, 2.2, 4.0]","[33.33, 33.33, 33.33]"
181,ML-Guided,,False,0.99,1.0,0.31,2.79,0.41,2.56,True,True,False,False,short,0.52,40.85,174,10,True,True,True,False,bearish,False,27,130,205,19,2.5,6,24,75,21,90,10,27,3.82,1.51,0.4967,False,36,0.6438,True,46,1.97,False,20,58,13,True,13,34.8,True,True,0.78,False,11,False,1,0.0,5m,5m,,10.0,0.7,3.433032324156762,9.1715806590253,1.9970139182163915,0.3433032324156762,1.119576326107381,0.674999999999992,0.0,5.0,5.0,0.0,3.0,0.0,0.0,38.46153846153847,38.46153846153847,0.0,23.07692307692308,0.0,0.0,"[43, 85, 266]","[0.9, 3.8, 4.4]","[33.33, 33.33, 33.33]"
182,ML-Guided,,False,0.99,1.0,0.29,5.76,1.22,4.63,False,True,False,False,both,1.87,18.7,613,4,False,True,True,False,bullish,False,11,60,244,6,1.59,3,10,55,45,76,16,43,1.74,0.69,0.9185,False,36,0.6438,True,14,2.26,True,7,31,17,False,35,32.2,True,False,0.89,True,19,False,1,0.0,5m,5m,,16.0,0.75,33.125914378755574,17.473129133540183,2.866977207224256,2.0703696486722234,1.8004272612258334,0.6562499999999948,0.0,2.0,10.0,4.0,1.0,0.0,0.0,11.76470588235294,58.82352941176471,23.52941176470588,5.88235294117647,0.0,0.0,"[44, 115, 269]","[1.8, 4.3, 4.5]","[33.33, 33.33, 33.33]"
183,ML-Guided,No trades or total_symbol_performance.csv not generated,True,0.0655,0.0675,0.0,1.0,0.1,1.0,False,False,False,False,both,0.56,24.43,450,3,True,True,True,False,bullish,False,19,33,179,8,1.79,2,16,70,17,88,6,27,2.66,0.81,0.6627,True,33,0.7798,False,11,1.73,True,8,27,7,True,16,33.0,False,True,2.41,True,7,False,1,0.0,5m,5m,,,,,,,,,,,,,,,,,,,,,,,"[37, 143, 177]",[6.8],[100.0]
184,ML-Guided,,False,0.99,1.0,0.73,3.51,1.18,4.71,True,True,False,False,short,0.54,6.43,667,5,False,True,True,False,bearish,False,12,118,141,9,1.16,1,27,58,18,76,10,38,1.57,2.24,0.1895,True,5,0.872,True,44,2.31,False,20,58,13,False,35,32.2,True,True,1.53,True,12,True,9,-0.29,5m,5m,,9.0,0.1111111111111111,-57.72311027861128,230.89244111444512,0.0171260536329931,-6.413678919845697,1.798778201615025,0.7499999999999868,0.0,3.0,1.0,5.0,0.0,0.0,0.0,33.33333333333333,11.11111111111111,55.55555555555556,0.0,0.0,0.0,"[14, 72, 159]","[1.3, 2.4, 4.9]","[33.33, 33.33, 33.33]"
185,ML-Guided,No trades or total_symbol_performance.csv not generated,True,0.0264,0.0229,0.0,1.0,0.1,1.0,False,False,False,False,long,0.53,41.82,405,11,True,True,True,False,bearish,False,22,121,86,8,3.33,5,8,66,38,95,20,24,4.9,1.48,0.9076,False,36,0.6438,True,14,3.49,True,15,46,12,True,36,20.8,False,True,0.52,False,11,True,30,0.21,5m,5m,,,,,,,,,,,,,,,,,,,,,,,"[15, 136, 265]",[2.3],[100.0]
186,ML-Guided,No trades or total_symbol_performance.csv not generated,False,0.99,1.0,0.59,5.1,0.4,1.0,False,False,False,False,both,4.1,15.68,305,4,True,True,True,False,bullish,False,13,46,139,14,2.24,3,11,82,45,90,12,11,4.73,2.98,0.9169,True,7,0.1055,True,29,4.0,True,9,34,17,True,17,16.9,False,False,0.89,False,11,True,27,-0.13,5m,5m,,,,,,,,,,,,,,,,,,,,,,,"[25, 60, 229]","[0.5, 1.8]","[50.0, 50.0]"
187,ML-Guided,No trades or total_symbol_performance.csv not generated,True,0.0373,0.0176,0.0,1.0,0.1,1.0,False,False,False,False,long,0.5,39.11,246,3,False,True,True,False,bullish,False,26,59,55,17,1.68,10,20,70,16,92,5,21,3.71,2.08,0.6157,False,36,0.6438,False,11,1.73,True,21,46,11,False,35,32.2,True,True,1.34,True,17,True,15,-0.1,5m,5m,,,,,,,,,,,,,,,,,,,,,,,"[29, 89, 203]",[1.8],[100.0]
188,ML-Guided,No trades or total_symbol_performance.csv not generated,True,0.068,0.0152,0.0,1.0,0.1,1.0,False,False,False,False,short,0.53,12.32,232,7,True,True,True,False,bearish,False,15,32,232,8,2.85,7,24,77,30,96,4,44,4.85,1.5,0.1297,False,36,0.6438,True,49,1.73,True,12,26,6,False,35,32.2,True,True,1.56,False,11,False,1,0.0,5m,5m,,,,,,,,,,,,,,,,,,,,,,,"[37, 78, 208]",[1.5],[100.0]
189,ML-Guided,No trades or total_symbol_performance.csv not generated,True,0.047,0.0155,0.0,1.0,0.1,1.0,False,False,False,False,long,2.42,17.79,432,8,True,True,True,False,bullish,False,20,98,108,7,4.61,8,6,85,45,90,21,45,2.21,2.68,0.2759,False,36,0.6438,False,11,1.73,False,20,58,13,False,35,32.2,False,False,0.89,True,17,False,1,0.0,5m,5m,,,,,,,,,,,,,,,,,,,,,,,"[27, 126, 216]",[1.6],[100.0]
190,ML-Guided,No trades or total_symbol_performance.csv not generated,True,0.021,0.0383,0.0,1.0,0.1,1.0,False,False,False,False,both,0.52,20.65,319,9,True,True,True,False,bullish,False,26,109,136,18,4.51,1,15,80,28,88,4,12,3.1,1.22,0.0196,True,31,0.4302,False,11,1.73,True,15,57,13,True,25,36.5,True,True,2.33,True,18,False,1,0.0,5m,5m,,,,,,,,,,,,,,,,,,,,,,,"[20, 52, 264]",[3.8],[100.0]
191,ML-Guided,No trades or total_symbol_performance.csv not generated,True,0.0545,0.0423,0.0,1.0,0.1,1.0,False,False,False,False,long,0.55,10.54,477,10,True,True,True,False,bearish,False,5,121,170,17,4.27,10,17,68,18,88,3,13,0.93,2.91,0.5814,True,13,0.5667,False,11,1.73,True,10,46,17,True,7,17.7,True,False,0.89,False,11,False,1,0.0,5m,5m,,,,,,,,,,,,,,,,,,,,,,,"[26, 141, 171]",[4.2],[100.0]
192,ML-Guided,No trades or total_symbol_performance.csv not generated,True,0.0247,0.0682,0.0,1.0,0.1,1.0,False,False,False,False,short,2.55,23.56,514,7,True,True,True,False,bearish,False,4,91,73,6,3.33,5,28,63,45,82,16,49,3.22,0.67,0.9276,True,25,0.4685,False,11,1.73,False,20,58,13,True,8,22.8,True,False,0.89,False,11,True,22,-0.19,5m,5m,,,,,,,,,,,,,,,,,,,,,,,"[48, 82, 197]",[6.8],[100.0]
193,ML-Guided,No trades or total_symbol_performance.csv not generated,True,0.0627,0.0324,0.0,1.0,0.1,1.0,False,False,False,False,both,0.53,29.9,340,12,False,True,True,False,bearish,False,12,97,141,10,4.66,7,28,61,23,85,13,56,3.18,2.47,0.2072,True,36,0.2198,True,14,2.46,True,13,33,20,False,35,32.2,True,True,0.8,False,11,True,35,0.01,5m,5m,,,,,,,,,,,,,,,,,,,,,,,"[16, 145, 181]",[3.2],[100.0]
194,ML-Guided,No trades or total_symbol_performance.csv not generated,True,0.0249,0.018,0.0,1.0,0.1,1.0,False,False,False,False,both,0.56,6.22,198,3,True,True,True,False,bearish,False,8,113,117,20,1.66,5,30,71,38,76,25,15,1.03,0.84,0.3324,True,20,0.6006,False,11,1.73,False,20,58,13,False,35,32.2,False,True,1.47,False,11,True,40,-0.04,5m,5m,,,,,,,,,,,,,,,,,,,,,,,"[30, 121, 274]",[1.8],[100.0]
195,ML-Guided,,False,0.99,1.0,0.67,0.84,0.96,4.97,True,True,False,False,long,2.79,41.45,650,12,True,True,True,False,bearish,False,19,115,217,17,2.51,2,17,65,45,83,5,60,0.83,1.86,0.4308,True,28,0.4133,True,28,3.8,True,12,54,20,True,11,35.4,False,False,0.89,False,11,True,20,-0.2,5m,5m,,30.0,0.5333333333333333,-1.3921575885160766,46.11213005150486,0.9437415500763048,-0.0464052529505358,6.756444360996521,0.749999999999988,0.0,30.0,0.0,0.0,19.0,0.0,0.0,61.224489795918366,0.0,0.0,38.775510204081634,0.0,0.0,"[13, 130, 181]","[2.0, 3.2, 4.0]","[33.33, 33.33, 33.33]"
196,ML-Guided,,False,0.99,1.0,0.65,5.37,0.46,1.0,False,False,False,False,both,2.39,38.6,286,2,False,True,True,False,bearish,False,11,115,59,19,2.06,8,29,73,45,96,11,36,2.3,2.68,0.3432,True,34,0.7188,False,11,1.73,True,21,58,12,False,35,32.2,False,True,2.14,True,5,False,1,0.0,5m,5m,,137.0,0.4890510948905109,-285.31978349261163,1209.320132901266,0.4492667573114789,-2.082626156880377,22.44920824113684,0.7116788321167639,0.0,8.0,66.0,63.0,3.0,0.0,0.0,5.714285714285714,47.14285714285714,45.0,2.142857142857143,0.0,0.0,"[35, 51, 235]","[2.2, 3.8]","[50.0, 50.0]"
197,ML-Guided,No trades or total_symbol_performance.csv not generated,True,0.0282,0.0414,0.0,1.0,0.1,1.0,False,False,False,False,both,4.76,35.51,284,7,True,True,True,False,bearish,False,18,54,247,15,3.17,1,5,59,45,92,22,10,4.84,0.84,0.154,True,24,0.2718,False,11,1.73,True,21,47,14,True,32,38.7,False,True,0.4,False,11,True,40,-0.03,5m,5m,,,,,,,,,,,,,,,,,,,,,,,"[37, 146, 153]",[4.1],[100.0]
198,ML-Guided,No trades or total_symbol_performance.csv not generated,False,0.99,1.0,0.11,0.26,0.62,1.0,True,False,False,False,both,0.87,35.69,279,6,True,True,True,False,bearish,False,28,108,231,19,4.89,3,11,74,45,89,10,38,3.65,2.21,0.9577,False,36,0.6438,False,11,1.73,True,5,26,5,True,36,35.7,True,True,2.11,False,11,True,31,-0.13,5m,5m,,,,,,,,,,,,,,,,,,,,,,,"[40, 147, 159]",[4.6],[100.0]
199,ML-Guided,No trades or total_symbol_performance.csv not generated,True,0.0359,0.0249,0.0,1.0,0.1,1.0,False,False,False,False,both,0.52,16.51,360,1,True,True,True,False,bullish,False,13,84,74,6,3.24,10,5,67,40,77,29,53,1.1,1.68,0.2014,False,36,0.6438,False,11,1.73,False,20,58,13,True,32,33.0,True,True,1.82,False,11,True,35,-0.15,5m,5m,,,,,,,,,,,,,,,,,,,,,,,"[34, 66, 218]",[2.5],[100.0]
200,ML-Guided,No trades or total_symbol_performance.csv not generated,True,0.0262,0.0609,0.0,1.0,0.1,1.0,False,False,False,False,long,1.43,45.68,95,1,True,True,True,False,bullish,False,7,144,154,3,3.04,10,18,83,45,90,23,45,1.43,0.44,0.8485,True,28,0.5342,True,12,2.2,False,20,58,13,False,35,32.2,False,False,0.89,False,11,False,1,0.0,5m,5m,,,,,,,,,,,,,,,,,,,,,,,"[41, 101, 271]",[6.1],[100.0]
201,ML-Guided,No trades or total_symbol_performance.csv not generated,False,0.99,1.0,0.4,2.27,0.34,2.02,False,True,False,False,both,0.5,32.42,83,12,True,True,True,False,bearish,False,19,122,93,14,3.61,2,25,58,42,90,3,45,4.79,0.44,0.3108,True,26,0.492,False,11,1.73,True,23,31,7,False,35,32.2,False,True,0.48,False,11,True,30,-0.12,5m,5m,,,,,,,,,,,,,,,,,,,,,,,"[48, 95, 284]","[0.8, 2.0, 2.6]","[33.33, 33.33, 33.33]"
202,ML-Guided,,False,0.99,1.0,0.28,0.94,1.41,1.0,True,False,False,False,both,0.51,38.39,173,11,True,True,True,False,bearish,False,7,112,110,18,1.43,6,7,65,20,75,17,44,4.12,2.62,0.0993,False,36,0.6438,False,11,1.73,True,8,39,20,True,35,22.5,True,False,0.89,True,12,True,8,-0.06,5m,5m,,87.0,0.057471264367816,-184.1438460053821,736.5753840215285,0.0403703683547717,-2.116595931096346,19.58863516934905,0.7499999999999964,0.0,86.0,0.0,1.0,18.0,0.0,0.0,81.9047619047619,0.0,0.9523809523809524,17.142857142857142,0.0,0.0,"[23, 74, 240]",[4.3],[100.0]
203,ML-Guided,No trades or total_symbol_performance.csv not generated,True,0.0407,0.0382,0.0,1.0,0.1,1.0,False,False,False,False,short,4.88,30.02,634,1,True,True,True,False,bullish,False,29,58,197,6,1.85,6,11,78,19,87,4,28,3.11,1.6,0.1077,False,36,0.6438,True,28,3.21,True,5,35,12,True,20,17.8,False,True,1.7,False,11,True,40,-0.2,5m,5m,,,,,,,,,,,,,,,,,,,,,,,"[13, 106, 245]",[3.8],[100.0]
204,ML-Guided,No trades or total_symbol_performance.csv not generated,False,0.99,1.0,0.29,2.18,0.17,1.0,True,False,False,False,both,0.51,48.45,576,7,True,True,True,False,bullish,False,8,58,156,5,2.66,3,12,61,43,86,2,47,4.51,0.55,0.3132,True,25,0.4377,False,11,1.73,True,10,38,10,False,35,32.2,True,True,2.28,True,28,False,1,0.0,5m,5m,,,,,,,,,,,,,,,,,,,,,,,"[34, 79, 257]","[1.9, 3.1]","[50.0, 50.0]"
205,ML-Guided,,False,0.99,1.0,0.99,3.95,0.61,2.27,False,True,False,False,both,0.52,8.96,412,4,True,True,True,False,bearish,False,10,107,82,3,4.49,5,26,59,30,81,27,55,1.65,0.47,0.1665,False,36,0.6438,True,46,2.33,False,20,58,13,False,35,32.2,False,True,1.51,False,11,True,38,-0.17,5m,5m,,38.0,0.6842105263157895,-23.4795572065812,151.65302574434432,0.7168796581354926,-0.6178830843837159,4.280656478164235,0.5921052631578931,0.0,7.0,26.0,5.0,6.0,0.0,0.0,15.909090909090908,59.09090909090909,11.363636363636363,13.636363636363637,0.0,0.0,"[30, 129, 238]","[1.4, 4.0, 4.8]","[33.33, 33.33, 33.33]"
206,ML-Guided,,False,0.99,1.0,0.82,1.14,1.11,1.0,True,False,False,False,long,1.58,45.95,124,9,False,True,True,False,bearish,False,12,84,232,19,1.86,7,11,75,40,79,5,45,4.99,2.64,0.7867,True,22,0.931,False,11,1.73,False,20,58,13,False,35,32.2,True,False,0.89,True,23,False,1,0.0,5m,5m,,3.0,0.3333333333333333,-5.290898056278922,24.599969220000148,0.1396902965264946,-1.7636326854263074,0.6738299856317912,0.7499999999999777,0.0,3.0,0.0,0.0,1.0,0.0,0.0,75.0,0.0,0.0,25.0,0.0,0.0,"[15, 116, 168]","[2.9, 4.5]","[50.0, 50.0]"
207,ML-Guided,No trades or total_symbol_performance.csv not generated,True,0.04,0.0223,0.0,1.0,0.1,1.0,False,False,False,False,short,4.68,48.13,293,11,True,True,True,False,bearish,False,22,110,112,16,4.0,9,19,82,45,90,27,48,4.83,2.1,0.2698,False,36,0.6438,False,11,1.73,False,20,58,13,True,28,22.6,False,True,1.94,True,24,True,30,-0.05,5m,5m,,,,,,,,,,,,,,,,,,,,,,,"[18, 95, 264]",[2.2],[100.0]
208,ML-Guided,No trades or total_symbol_performance.csv not generated,True,0.063,0.022,0.0,1.0,0.1,1.0,False,False,False,False,long,1.95,7.14,352,11,False,True,True,False,bearish,False,7,76,174,12,2.14,4,17,55,44,77,18,44,4.89,2.01,0.584,False,36,0.6438,False,11,1.73,False,20,58,13,False,35,32.2,True,True,0.66,False,11,True,22,-0.16,5m,5m,,,,,,,,,,,,,,,,,,,,,,,"[39, 60, 195]",[2.2],[100.0]
209,ML-Guided,,False,0.99,1.0,0.53,0.7,1.16,2.23,False,True,False,False,both,0.53,26.5,64,1,False,True,True,False,bullish,False,21,63,124,10,3.82,8,10,77,36,94,6,52,4.93,2.08,0.2022,True,35,0.9247,True,37,2.03,False,20,58,13,True,18,15.6,True,False,0.89,False,11,False,1,0.0,5m,5m,,1.0,1.0,1.939207428774206,0.0,1000.0,1.939207428774206,0.2233518483253052,0.7499999999999839,0.0,1.0,0.0,0.0,1.0,0.0,0.0,50.0,0.0,0.0,50.0,0.0,0.0,"[12, 67, 283]","[1.9, 2.5, 2.7]","[33.33, 33.33, 33.33]"
210,ML-Guided,No trades or total_symbol_performance.csv not generated,True,0.0482,0.0529,0.0,1.0,0.1,1.0,False,False,False,False,long,2.78,38.19,425,7,True,True,True,False,bullish,False,10,70,148,9,3.5,9,20,70,22,82,13,48,4.85,1.2,0.118,True,36,0.3128,True,44,1.9,False,20,58,13,True,9,22.1,True,False,0.89,False,11,True,5,-0.29,5m,5m,,,,,,,,,,,,,,,,,,,,,,,"[42, 112, 300]",[5.3],[100.0]
